Company,Page,Category,Verbatim Claim,English Translation,Language,Confidence,GPT Valid Claim,Text Verified,Environmental Relevance,Company Attributed,Complete Claim,Exclusion Reason,GPT Notes,Page URL,Source File,EMAS Verified,EU Organic Verified,B Corp Verified,Bord Bia Verified,Biopartenaire Verified,BioED Verified,ECGT Label,ECGT Rule Triggered,ECGT Explanation,ECGT Review Flag
The Happy Pear,Homepage,waste,"Our 6th book 'The Veg Box: 10 Vegetables, 10 Ways' was designed to help you reduce food waste with delicious recipes to inspire you to eat more plant-based food.","Our 6th book 'The Veg Box: 10 Vegetables, 10 Ways' was designed to help you reduce food waste with delicious recipes to inspire you to eat more plant-based food.",EN,0.82,Yes,Yes,Yes,Yes,Yes,,The page explicitly says the book was designed to help reduce food waste.,https://thehappypear.ie/,the_happy_pear.json,No,Yes,Yes,Yes,No,No,GREEN,"GREEN - concrete, verifiable fact (named publication, specific action already taken) with company holding confirmed B Corp certification","The claim describes a specific, completed action: publication of a named book ('The Veg Box: 10 Vegetables, 10 Ways') with a concrete environmental purpose (reducing food waste, promoting plant-based eating). This is a factual company achievement, not a forward-looking aspiration or vague assertion. Although the claim does not reference a certification directly, it describes a measurable, named initiative that demonstrates environmental commitment. The company holds confirmed B Corp certification, which validates social and environmental performance standards across the business, providing independent verification that supports credibility for this type of concrete initiative claim.",No
The Happy Pear,Homepage,sourcing,"Learn traditional techniques using organic flours to create delicious, homemade sourdough breads.","Learn traditional techniques using organic flours to create delicious, homemade sourdough breads.",EN,0.75,Yes,Yes,Yes,Yes,Yes,,The sourdough course description explicitly mentions using organic flours.,https://thehappypear.ie/,the_happy_pear.json,No,Yes,Yes,Yes,No,No,AMBER,"AMBER – specific claim (named action: 'using organic flours') with TYPE-MATCHING registry confirmed (EU Organic), but claim does not reference the certification explicitly, creating ambiguity about whether the company is asserting certified-organic sourcing or simply describing a technique","The claim names a specific behaviour ('using organic flours') and EU Organic certification is confirmed for this company, placing it at the GREEN/AMBER boundary. However, the claim does not explicitly state 'certified organic' or reference the certification by name — it describes a technique using organic inputs without confirming those inputs are certified. This leaves ambiguity: the confirmed registry provides a credibility floor (AMBER minimum), but the lack of explicit certification reference and the focus on 'traditional techniques' rather than sourcing verification prevents upgrading to GREEN.",Yes
The Happy Pear,Homepage,general,"The Happy Pear started out back in 2004 with Steve, Dave, a tiny shop and a dream of helping people to eat more veg! Fast forward almost 20 years and the mission is still the same, to create a healthier happier world and build community! But now The Happy Pear consists of over 70 products, a suite of online courses & a new revolutionary app, our café and shop in Greystones, Wicklow, a range of cookbooks, a farm, a roastery and an online community of over 1 million people living healthier!","The Happy Pear started out back in 2004 with Steve, Dave, a tiny shop and a dream of helping people to eat more veg! Fast forward almost 20 years and the mission is still the same, to create a healthier happier world and build community! But now The Happy Pear consists of over 70 products, a suite of online courses & a new revolutionary app, our café and shop in Greystones, Wicklow, a range of cookbooks, a farm, a roastery and an online community of over 1 million people living healthier!",EN,0.6,No,Yes,No,Yes,Yes,NOT_ENVIRONMENTAL,"This is a company story and mission statement, but it does not itself make an environmental claim.",https://thehappypear.ie/,the_happy_pear.json,No,Yes,Yes,Yes,No,No,GREEN,"GREEN - Factual company history, founding story, and structure statements","This claim is a narrative account of the company's founding (2004), founders (Steve and Dave), and verifiable business evolution (shop location in Greystones, Wicklow; specific product/service expansion). These are background facts about the company's history and structure, not environmental performance claims requiring independent verification. Per STEP 2 GREEN criterion: 'Factual company history, founding story, or structure statements...Do not route these into RED for lack of a certification; that's the wrong test for this claim type.' The confirmed registries (EU Organic, B Corp, Origin Green) provide additional credibility context but are not necessary to classify a founding narrative as GREEN.",No
The Happy Pear,About,general,a 4 acre regenerative organic farm,a 4 acre regenerative organic farm,EN,0.95,Yes,Yes,Yes,Yes,Yes,,Faithful excerpt from the company’s own farm description; clearly environmental and attributable.,https://thehappypear.ie/about/,the_happy_pear.json,No,Yes,Yes,Yes,No,No,GREEN,GREEN - specific detail (named acreage) AND type-matching registry confirmed (EU Organic),"The claim names a concrete, measurable detail ('4 acre') and describes regenerative organic farming. EU Organic certification is confirmed in the registry, which directly verifies organic status claims. The specificity of the acreage detail combined with the matching certified registry status meets the GREEN criterion.",No
The Happy Pear,About,general,"We're here to inspire you, to make a positive impact on our planet and to have fun, all through the delicious, joyful act of eating!","We're here to inspire you, to make a positive impact on our planet and to have fun, all through the delicious, joyful act of eating!",EN,0.72,Yes,Yes,Yes,Yes,Yes,,Present in the manifesto/message from the company and includes an explicit claim about making a positive impact on the planet.,https://thehappypear.ie/about/,the_happy_pear.json,No,Yes,Yes,Yes,No,No,RED,"RED - pure marketing slogan with no environmental behaviour, action, or commitment named","After stripping buzzwords ('positive impact', 'planet'), the claim asserts nothing concrete about environmental performance, action, or commitment — it is aspirational messaging about eating joyfully. No specific behaviour, metric, date, supplier, programme, or verifiable environmental action is named. Despite confirmed registries (EU Organic, B Corp, Bord Bia), a bare tagline of this kind cannot be rehabilitated by certification status under ECGT 2024/825; the certification does not verify the vague claim itself.",No
The Happy Pear,About,general,"We're here to support you on your journey to make healthier, more sustainable plant based food choices.","We're here to support you on your journey to make healthier, more sustainable plant based food choices.",EN,0.78,Yes,Yes,Yes,Yes,Yes,,Faithful company statement about sustainable plant-based food choices; environmentally relevant and complete.,https://thehappypear.ie/about/,the_happy_pear.json,No,Yes,Yes,Yes,No,No,AMBER,"AMBER – vague aspiration/commitment with no specific metric, action, or date named; no registry matches the broad sustainability claim being made","The claim describes a general commitment to support customers in making 'healthier, more sustainable plant based food choices' but names no concrete action, measurable outcome, supplier, date, or programme. While the company holds confirmed certifications (EU Organic, B Corp, Bord Bia), none of these directly verify a broad behavioural-support or educational claim of this kind. The claim is substantive (it describes a commitment, not a bare tagline), so it exceeds the RED threshold, but without specific evidence or a type-matching registry, it falls to AMBER.",No
The Happy Pear,About,general,"Together, we can create a world where our food choices support nature, build community, and bring happiness to our lives.","Together, we can create a world where our food choices support nature, build community, and bring happiness to our lives.",EN,0.7,Yes,Yes,Yes,Yes,Yes,,Company-authored mission statement referencing food choices supporting nature; complete environmental claim.,https://thehappypear.ie/about/,the_happy_pear.json,No,Yes,Yes,Yes,No,No,RED,"RED — pure marketing slogan with no environmental behaviour, action, or commitment named; bare tagline test applies","This claim is aspirational marketing language ('create a world where...') that names no specific action, metric, supplier, date, location, or environmental behaviour by the company itself. After stripping buzzwords (nature, community, happiness, food choices), no concrete environmental commitment or verifiable fact survives. The claim is a bare tagline regardless of sentence length — it asserts no checkable behaviour. Registry confirmations (EU Organic, B Corp, Bord Bia) cannot give substance to a tagline that asserts nothing behavioural and therefore do not elevate this to AMBER.",No
The Happy Pear,About,biodiversity,"We run a 4 acre organic, regenerative farm based in Kilcoole, Co Wicklow just 10 mins south of Greystones, focused on minimum till or no dig practices where we not only adhere to the current organic growing standards but also focus on improving the soil microbe health and increasing the biodiversity around the farm through planting a mix of different pollinator species.","We run a 4 acre organic, regenerative farm based in Kilcoole, Co Wicklow just 10 mins south of Greystones, focused on minimum till or no dig practices where we not only adhere to the current organic growing standards but also focus on improving the soil microbe health and increasing the biodiversity around the farm through planting a mix of different pollinator species.",EN,0.97,Yes,Yes,Yes,Yes,Yes,,"Accurately reflects the farm description including organic/regenerative practices, soil health, and biodiversity measures.",https://thehappypear.ie/about/,the_happy_pear.json,No,Yes,Yes,Yes,No,No,GREEN,"GREEN - Specific, concrete facts with TYPE-MATCHING registry confirmed","The claim names specific, verifiable actions (4-acre farm location, minimum till/no dig practices, soil microbe health focus, pollinator planting) and explicitly references organic growing standards. EU Organic certification is confirmed in the registry and directly validates the organic claim. The concrete details about regenerative practices, location, and biodiversity actions meet the specificity threshold, and the TYPE-MATCHING registry (EU Organic) confirms the organic component of the claim.",No
The Happy Pear,About,sourcing,We produce up to 40 different crops across the full year,We produce up to 40 different crops across the full year,EN,0.75,No,Yes,No,Yes,Yes,NOT_ENVIRONMENTAL,"The statement is about production volume/crop variety, not an environmental attribute.",https://thehappypear.ie/about/,the_happy_pear.json,No,Yes,Yes,Yes,No,No,GREEN,"GREEN - Concrete, verifiable fact (specific action: producing up to 40 different crops year-round) with type-matching registry confirmed (EU Organic)","The claim states a measurable, concrete operational fact about crop diversity and year-round production — a specific action already being taken. EU Organic certification is confirmed for this company and is the relevant type-matching registry for a sourcing/production claim about crops. The specificity of the number (40 crops) and the scope (full year) constitute verifiable facts that meet the GREEN criterion for concrete, checkable statements backed by relevant certification.",No
The Happy Pear,About,sourcing,"Whether it's through our cafe, supper club, cookbooks, online courses, recipe club, food products, organic farms or social media, we aim to bring people together around the shared goal of eating well and living better.","Whether it's through our cafe, supper club, cookbooks, online courses, recipe club, food products, organic farms or social media, we aim to bring people together around the shared goal of eating well and living better.",EN,0.8,No,No,Yes,Yes,Yes,PARAPHRASED_OR_EXAGGERATED,"The source text says the channels serve the goal of helping people eat well and live better; the extractor added 'shared goal' and omitted the exact structure, making it less faithful.",https://thehappypear.ie/about/,the_happy_pear.json,No,Yes,Yes,Yes,No,No,AMBER,"AMBER - specific commitment named ('we aim to bring people together around the shared goal of eating well and living better') but claim is aspirational/hedged language without measurable outcome, and registry confirmation (EU Organic, B Corp, Bord Bia) does not directly verify this particular sourcing/values commitment","The claim names a specific commitment ('aim to bring people together...eating well and living better') with named channels (cafe, supper club, cookbooks, farms, etc.), moving it above bare tagline level and into substantive territory. However, the claim is hedged ('we aim to') and describes a values/behaviour commitment rather than a concrete verifiable action or metric. While the company holds confirmed certifications, none of them (EU Organic, B Corp, Bord Bia) directly verify this particular claim about bringing people together or living better — these are type-mismatches for a sourcing/values assertion. Under STEP 2 AMBER criterion, a specific commitment with hedged language and no type-matching registry confirmation warrants AMBER.",Yes
The Happy Pear,Sustainability,general,"Eating more fruit & veg is one of the kindest things we can do for our planet and at The Happy Pear, we want to create a healthier and happier world. That's why we make delicious and healthy plant-based food that's better for you and better for the planet.","Eating more fruit & veg is one of the kindest things we can do for our planet and at The Happy Pear, we want to create a healthier and happier world. That's why we make delicious and healthy plant-based food that's better for you and better for the planet.",EN,0.75,Yes,Yes,Yes,Yes,Yes,,Faithful company statement linking plant-based food and healthier eating to benefits for the planet.,https://thehappypear.ie/sustainability,the_happy_pear.json,No,Yes,Yes,Yes,No,No,AMBER,AMBER - vague but substantive claim with confirmed TYPE-MATCHING registry,"The claim describes a behavioural commitment ('we make delicious and healthy plant-based food that's better for you and better for the planet') but lacks specific metrics, dates, or measurable outcomes. However, the company holds confirmed EU Organic certification, which is a TYPE-MATCHING registry for plant-based food and environmental claims. Under the rules, vague but substantive claims from certified companies receive AMBER as a credibility floor, not RED.",No
The Happy Pear,Sustainability,packaging,We do our best to put our products in the most sustainable and environmentally friendly packaging – striving to use compostable packaging as much as possible.,We do our best to put our products in the most sustainable and environmentally friendly packaging – striving to use compostable packaging as much as possible.,EN,0.9,Yes,Yes,Yes,Yes,Yes,,"Direct packaging claim about sustainable, environmentally friendly and compostable packaging.",https://thehappypear.ie/sustainability,the_happy_pear.json,No,Yes,Yes,Yes,No,No,AMBER,AMBER - Vague but substantive claim with specific action named (compostable packaging commitment) but no TYPE-MATCHING registry confirmed,"The claim names a concrete commitment (using compostable packaging) and an action (striving to reduce packaging impact), which satisfies the 'some behaviour named' threshold and prevents RED classification. However, no confirmed registry (EU Organic, B Corp, and Bord Bia do not verify packaging sustainability claims) provides TYPE-MATCHING verification for this specific environmental claim. The claim therefore meets AMBER criteria: specific intent but unverified by a relevant independent standard.",No
The Happy Pear,Sustainability,packaging,We consistently review our packaging and continue to look for the most sustainable packaging solutions available while also ensuring the quality of the food inside isn't compromised.,We consistently review our packaging and continue to look for the most sustainable packaging solutions available while also ensuring the quality of the food inside isn't compromised.,EN,0.8,Yes,Yes,Yes,Yes,Yes,,Faithful packaging-sustainability claim about reviewing packaging and seeking more sustainable solutions.,https://thehappypear.ie/sustainability,the_happy_pear.json,No,Yes,Yes,Yes,No,No,AMBER,AMBER — Specific commitment named ('continue to look for the most sustainable packaging solutions') but no TYPE-MATCHING registry confirmed; vague language ('most sustainable') without quantified metric or named supplier,"The claim describes a concrete, ongoing action (packaging review and seeking sustainable solutions) with a named subject and verb structure, which meets the threshold for specificity and avoids bare-tagline status. However, the language is aspirational and lacks quantifiable detail (no target date, no named alternative, no measurable outcome), and none of the confirmed registries (EU Organic, B Corp, Bord Bia) specifically verify packaging sustainability claims — they verify organic status, labour/governance standards, and origin respectively. The claim therefore requires external evidence to substantiate the sustainability assertion.",No
The Happy Pear,Sustainability,biodiversity,"We have started a regenerative organic Community Farm this year focused on growing organic fruit & veg for the wider Greystones area and emphasising on increasing the soil health & life, the surrounding biodiversity and reducing greenhouse gas emissions.","We have started a regenerative organic Community Farm this year focused on growing organic fruit & veg for the wider Greystones area and emphasising on increasing the soil health & life, the surrounding biodiversity and reducing greenhouse gas emissions.",EN,0.95,Yes,Yes,Yes,Yes,Yes,,"Accurate statement about regenerative organic farming focused on soil health, biodiversity and reducing emissions.",https://thehappypear.ie/sustainability,the_happy_pear.json,No,Yes,Yes,Yes,No,No,GREEN,"GREEN — Specific, verifiable action + TYPE-MATCHING registry confirmed (EU Organic)","The claim names a concrete initiative ('regenerative organic Community Farm this year'), specifies measurable environmental outcomes ('increasing soil health & life, surrounding biodiversity, reducing greenhouse gas emissions'), and names organic fruit & veg production. EU Organic certification is confirmed for this company, and organic status is the primary environmental claim here — the registry match is direct and type-appropriate. The specificity of the named action and outcomes, combined with confirmation of the relevant certification, satisfies the GREEN criterion.",No
The Happy Pear,Sustainability,carbon,"We are creating an example of a small-scale farm that works in tandem with nature, sequesters carbon each year from the atmosphere, produces tons of delicious organic food for the local community and encourages the creation of other such farms across Ireland and beyond through education and living example.","We are creating an example of a small-scale farm that works in tandem with nature, sequesters carbon each year from the atmosphere, produces tons of delicious organic food for the local community and encourages the creation of other such farms across Ireland and beyond through education and living example.",EN,0.9,Yes,Yes,Yes,Yes,Yes,,Faithful claim about sequestering carbon each year and producing organic food.,https://thehappypear.ie/sustainability,the_happy_pear.json,No,Yes,Yes,Yes,No,No,GREEN,"GREEN - Specific, concrete actions named AND type-matching registry (EU Organic) confirmed","The claim names multiple concrete, verifiable commitments: organic food production (verified by confirmed EU Organic certification), carbon sequestration with measurable outcome ('each year'), local community supply, and education/replication programme. The claim's core environmental assertion — organic status — is directly verified by the confirmed EU Organic registry. B Corp and Bord Bia certifications, while confirmed, are not the type-matching registry for an organic claim, but EU Organic is, and it is confirmed.",No
The Happy Pear,Sustainability,water,We produce our own sprouts organically in our temperature controlled indoor sprout farm in Kilcoole which produces high quality Irish superfoods year-round using a fraction of the land and water required to produce other types of food.,We produce our own sprouts organically in our temperature controlled indoor sprout farm in Kilcoole which produces high quality Irish superfoods year-round using a fraction of the land and water required to produce other types of food.,EN,0.88,Yes,Yes,Yes,Yes,Yes,,Faithful product/farming claim including organic growing and reduced land and water use.,https://thehappypear.ie/sustainability,the_happy_pear.json,No,Yes,Yes,Yes,No,No,GREEN,"GREEN — Specific, verifiable claim with TYPE-MATCHING registry confirmed (EU Organic)","The claim names a concrete action (producing sprouts organically in a named location with specified methods) and makes measurable assertions (year-round production, reduced land/water use). EU Organic certification is confirmed for this company, which directly verifies the organic production claim at the heart of the statement. The specificity of the facility, method, and environmental outcome, combined with matching registry confirmation, satisfies the GREEN criterion.",No
The Happy Pear,Sustainability,waste,We encourage our customers to use reusable cups by offering 20 cents off our hot drinks if they do use a reusable cup.,We encourage our customers to use reusable cups by offering 20 cents off our hot drinks if they do use a reusable cup.,EN,0.85,Yes,Yes,Yes,Yes,Yes,,Accurate reusable-cup incentive statement with waste-reduction implication.,https://thehappypear.ie/sustainability,the_happy_pear.json,No,Yes,Yes,Yes,No,No,GREEN,"GREEN — concrete, verifiable action + company holds confirmed certification of relevant type","The claim names a specific, measurable action already in place (20 cents discount for reusable cup use) — a concrete waste-reduction initiative with a defined incentive and verifiable outcome. The company holds confirmed B Corp certification, which verifies social and environmental performance commitments including waste practices. The claim is neither vague nor aspirational; it describes an existing programme with sufficient detail to be independently checkable. The B Corp registry, while not exclusively a waste certification, does verify company-wide environmental responsibility and aligns with the type of behaviour claimed here.",No
The Happy Pear,Sustainability,packaging,We incentivise customers to bring their own reusable bags and now charge them 15c if they require a branded paper bag. Our intention here is to encourage the necessary shift in consumer behaviour towards reusable.,We incentivise customers to bring their own reusable bags and now charge them 15c if they require a branded paper bag. Our intention here is to encourage the necessary shift in consumer behaviour towards reusable.,EN,0.85,Yes,Yes,Yes,Yes,Yes,,Faithful claim about encouraging reusable bags and charging for paper bags.,https://thehappypear.ie/sustainability,the_happy_pear.json,No,Yes,Yes,Yes,No,No,GREEN,"GREEN - STEP 2: Concrete, verifiable action already taken with specific metric AND company holds confirmed B Corp certification (credibility floor for responsible business practice)","The claim names a specific, measurable action already implemented (charging 15c for paper bags to incentivise reusable bag use) with a stated behavioural intent. While packaging sustainability is not the primary focus of EU Organic, B Corp, or Bord Bia certifications individually, B Corp certification does verify responsible business practices and environmental stewardship across operations, including packaging choices. The claim is sufficiently concrete and verified company holds a confirmed certification relevant to environmental responsibility, meeting the GREEN threshold.",Yes
The Happy Pear,Sustainability,packaging,"Later this year, we will move to more solid reusable cups only and stop offering single use disposable take away cups, whereby you pay a deposit for the takeaway cup and when you bring it back you get that money back.","Later this year, we will move to more solid reusable cups only and stop offering single use disposable take away cups, whereby you pay a deposit for the takeaway cup and when you bring it back you get that money back.",EN,0.85,Yes,Yes,Yes,Yes,Yes,,Accurate statement about moving to reusable cups and eliminating disposable takeaway cups.,https://thehappypear.ie/sustainability,the_happy_pear.json,No,Yes,Yes,Yes,No,No,AMBER,AMBER — specific commitment named but no type-matching registry confirmed,"The claim describes a concrete, future action (moving to reusable cups with a deposit system by a named date) with specific behaviour and a deposit-return mechanism. However, none of the confirmed registries (EU Organic, B Corp, Bord Bia) are type-matched to packaging/circular economy claims — they verify different environmental domains. EMAS (environmental management) would be the relevant registry for this kind of operational commitment, but it is not confirmed. Specific detail elevates this above RED, but absence of the matching registry prevents GREEN.",No
The Happy Pear,Sustainability,carbon,We power all our retail and production sites with renewable energy through our electricity provider and what's more we have installed LED light fittings across all our sites helping to reduce greenhouse gas emissions.,We power all our retail and production sites with renewable energy through our electricity provider and what's more we have installed LED light fittings across all our sites helping to reduce greenhouse gas emissions.,EN,0.95,Yes,Yes,Yes,Yes,Yes,,Faithful claim about renewable energy use and LED lighting reducing emissions.,https://thehappypear.ie/sustainability,the_happy_pear.json,No,Yes,Yes,Yes,No,No,GREEN,"GREEN — Concrete, verifiable facts (named actions with measurable outcomes) + TYPE-MATCHING registry confirmed","The claim names specific, already-implemented actions (renewable energy provision through electricity provider, LED installation across all sites) with measurable environmental outcomes (greenhouse gas emission reduction). Although the primary registries confirmed (EU Organic, B Corp, Bord Bia) do not specifically verify carbon/energy claims, B Corp certification does encompass environmental performance and governance broadly, providing credible independent verification of the company's operational environmental commitments. The claim's concrete detail and the presence of a credible, relevant independent certification justify GREEN.",Yes
The Happy Pear,Sustainability,carbon,"Our vans run on compressed natural gas, helping to reduce our vehicle CO² emissions by over 20%.","Our vans run on compressed natural gas, helping to reduce our vehicle CO² emissions by over 20%.",EN,0.95,Yes,Yes,Yes,Yes,Yes,,Direct vehicle emissions reduction claim.,https://thehappypear.ie/sustainability,the_happy_pear.json,No,Yes,Yes,Yes,No,No,GREEN,"GREEN - STEP 2: Concrete, verifiable fact (named action + measurable outcome) with TYPE-MATCHING registry confirmed","The claim specifies a concrete action ('vans run on compressed natural gas') and a measurable outcome ('reduce vehicle CO² emissions by over 20%'). While the confirmed registries (EU Organic, B Corp, Bord Bia) are not carbon-specific schemes, B Corp certification does verify environmental performance claims including emissions reduction across a company's operations. The specificity of the metric and the action named satisfy the GREEN criterion for a concrete, verifiable fact.",Yes
The Happy Pear,Sustainability,waste,"We actively reduce food waste by using as much 'unsellable' fruit and veg from our stores in our kitchens and our cafes, donate any surplus food to local charities, and our food production facility donates any excess stock through the food redistribution charity, FoodCloud.","We actively reduce food waste by using as much 'unsellable' fruit and veg from our stores in our kitchens and our cafes, donate any surplus food to local charities, and our food production facility donates any excess stock through the food redistribution charity, FoodCloud.",EN,0.95,Yes,Yes,Yes,Yes,Yes,,Faithful waste-reduction and food redistribution claim.,https://thehappypear.ie/sustainability,the_happy_pear.json,No,Yes,Yes,Yes,No,No,GREEN,"GREEN - concrete, verifiable facts with specific actions already taken","The claim names multiple specific, named actions already implemented (using unsellable produce in kitchens/cafes, donating surplus to local charities, redistribution through FoodCloud) with concrete operational detail. These are verifiable facts about company behaviour, not aspirations. The company holds confirmed B Corp certification, which validates corporate social and environmental practices including waste reduction and community benefit — a type-matching registry for this kind of waste-reduction and charitable-donation claim. Specificity + type-matching registry confirmation = GREEN.",No
The Happy Pear,Sustainability,waste,"Over this coming year, we will be using any remaining food waste to create beautiful compost for our regenerative organic farm, closing the loop of this system.","Over this coming year, we will be using any remaining food waste to create beautiful compost for our regenerative organic farm, closing the loop of this system.",EN,0.9,Yes,Yes,Yes,Yes,Yes,,Accurate claim about composting remaining food waste and closing the loop.,https://thehappypear.ie/sustainability,the_happy_pear.json,No,Yes,Yes,Yes,No,No,AMBER,"AMBER — specific commitment with concrete action named, but registry confirmation does not match claim type","The claim names a specific, future action (composting food waste for a regenerative organic farm) with detail about timing ('coming year') and outcome ('closing the loop'). However, while the company holds confirmed EU Organic and B Corp certifications, neither of these verifies a waste-management or composting practice — EU Organic certifies production standards, not waste handling; B Corp certifies general social/environmental governance. The claim is substantive and specific enough to warrant AMBER (not RED), but lacks a matching registry confirmation (EMAS would verify environmental management including waste, but is not confirmed). The EU Organic certification provides some credibility floor given the farm context, but does not specifically verify the waste-to-compost claim.",Yes
The Happy Pear,Sustainability,waste,"Furthermore, in due course, we will be looking to use our waste coffee grinds from our cafés as a substrate for growing our own mushrooms.","Furthermore, in due course, we will be looking to use our waste coffee grinds from our cafés as a substrate for growing our own mushrooms.",EN,0.85,Yes,Yes,Yes,Yes,Yes,,Faithful future-use claim involving waste coffee grounds as substrate for mushrooms.,https://thehappypear.ie/sustainability,the_happy_pear.json,No,Yes,Yes,Yes,No,No,AMBER,"AMBER - specific commitment with concrete detail, but future aspiration with no registry match for waste-to-mushroom claim","The claim names a specific, verifiable action (converting waste coffee grounds into mushroom substrate) with named source (company cafés) and describes a concrete environmental initiative. However, it is framed as a future aspiration ('in due course, we will be looking to'), and none of the confirmed registries (EU Organic, B Corp, Bord Bia) specifically verify waste-reduction or circular-economy mushroom-growing claims. Under STEP 2 AMBER criterion, a specific commitment without matching registry confirmation, or one that is aspirational in nature, requires AMBER pending evidence of implementation.",No
The Happy Pear,Sustainability,certification,"As part of our Origin Green membership, we have set ourselves strong and stretching targets to grow and improve our sustainability practices year on year across our CO2 emissions, energy, waste, water, buying from suppliers with recognised environmental / sustainable certifications and by promoting healthy plant-based eating & living through our education courses and supporting our own team in terms of their health and wellbeing.","As part of our Origin Green membership, we have set ourselves strong and stretching targets to grow and improve our sustainability practices year on year across our CO2 emissions, energy, waste, water, buying from suppliers with recognised environmental / sustainable certifications and by promoting healthy plant-based eating & living through our education courses and supporting our own team in terms of their health and wellbeing.",EN,0.95,Yes,Yes,Yes,Yes,Yes,,Accurate Origin Green membership and sustainability-targets claim.,https://thehappypear.ie/sustainability,the_happy_pear.json,No,Yes,Yes,Yes,No,No,GREEN,GREEN - Specific commitment named AND TYPE-MATCHING registry confirmed (Bord Bia Origin Green),"The claim names a specific, verifiable programme (Origin Green membership) with concrete commitments across named areas (CO2 emissions, energy, waste, water, supplier certifications, education, wellbeing). Registry evidence confirms Bord Bia (Origin Green) is a valid certification for this company, and Origin Green is a named public sustainability programme whose registry is confirmed. This satisfies the GREEN criterion: specific, named action + type-matching registry confirmed.",No
The Happy Pear,Sustainability,general,"Through our work with leading healthcare professionals and specialists – gastroenterologists, cardiologists, GPs, dieticians, and performance psychologists – we are catapulting real world shifts towards healthier, more plant-based diets that are not only better for individuals but also for the planet.","Through our work with leading healthcare professionals and specialists – gastroenterologists, cardiologists, GPs, dieticians, and performance psychologists – we are catapulting real world shifts towards healthier, more plant-based diets that are not only better for individuals but also for the planet.",EN,0.78,Yes,Yes,Yes,Yes,Yes,,Faithful statement connecting plant-based diets with benefits for people and the planet.,https://thehappypear.ie/sustainability,the_happy_pear.json,No,Yes,Yes,Yes,No,No,AMBER,"AMBER — Specific action and commitment named, but no type-matching registry confirmed for the claim","The claim names a concrete commitment ('work with leading healthcare professionals') and a specific behavioural outcome ('catapulting real world shifts towards healthier, more plant-based diets'), which satisfies BOUNDARY rule 1 (specific detail present). However, the claim is about dietary/health impact and sustainability messaging, not organic certification, B Corp governance standards, or food origin provenance. The confirmed registries (EU Organic, B Corp, Bord Bia Origin Green) do not type-match this particular claim about plant-based diet promotion and health/planetary impact. Per GREEN/AMBER boundary rule 2, specificity without a type-matching registry confirmation yields AMBER, not GREEN.",Yes
The Happy Pear,Sustainability,certification,"The Happy Pear is officially a Certified B Corporation™! Certified B Corporations are businesses that have been verified by B Lab™ to meet high standards of social and environmental performance, accountability, and transparency.","The Happy Pear is officially a Certified B Corporation™! Certified B Corporations are businesses that have been verified by B Lab™ to meet high standards of social and environmental performance, accountability, and transparency.",EN,0.98,Yes,Yes,Yes,Yes,Yes,,Direct Certified B Corporation and B Lab verification claim.,https://thehappypear.ie/sustainability,the_happy_pear.json,No,Yes,Yes,Yes,No,No,GREEN,"GREEN - Claim references a specific certification (B Corp) AND registry confirms THAT SPECIFIC certification (B Corp confirmed). Claim names a concrete, verifiable action already taken (official B Corp certification with named verifier B Lab™) with a type-matching registry confirmation.","The Happy Pear names B Corporation™ certification and describes the verification standard it meets. Registry evidence confirms B Corp is held by this company. The claim is specific (names the certification, the verifier, and the standard), and the type-matching registry is confirmed, satisfying the GREEN criterion under STEP 2.",No
The Happy Pear,Sustainability,general,"It means we've taken a long, hard look at every part of our business—from how we support our team, to how we grow our food, to how we impact our local community and the wider world—and we're committed to continuous improvement in all those areas.","It means we've taken a long, hard look at every part of our business—from how we support our team, to how we grow our food, to how we impact our local community and the wider world—and we're committed to continuous improvement in all those areas.",EN,0.75,Yes,Yes,Yes,Yes,Yes,,Faithful company commitment to continuous improvement across business areas.,https://thehappypear.ie/sustainability,the_happy_pear.json,No,Yes,Yes,Yes,No,No,AMBER,"AMBER — vague but substantive claim; company holds TYPE-MATCHING confirmed certifications (EU Organic, B Corp, Bord Bia) which provide credibility floor","The claim names specific behavioural commitments (examining every part of the business, supporting team, growing food, community impact, continuous improvement) but does not quantify them or name concrete actions—it is aspirational and general. However, because the company is confirmed in relevant registries (EU Organic for food production; B Corp for broad sustainability governance; Bord Bia for origin/sustainability practices), the certification credibility floor applies, and the claim rises from RED (unconfirmed vague assertion) to AMBER (vague but verified company). The claim is substantive enough to be environmental/social behaviour description rather than a bare tagline, and the registry match is genuine.",No
Belledonne,Homepage,general,"BIO, ÉQUITABLE & RESPONSABLE","ORGANIC, FAIR TRADE & RESPONSIBLE",FR,0.82,Yes,Yes,Yes,Yes,Yes,,"The page explicitly states 'BIO, ÉQUITABLE & RESPONSABLE' as a company/product descriptor; it is an attributable environmental/sourcing claim and a complete marketing statement.",https://belledonne.bio/,belledonne.json,No,Yes,No,No,Yes,Yes,RED,"RED - bare tagline, no behaviour named","The claim 'BIO, ÉQUITABLE & RESPONSABLE' is a pure marketing slogan with no subject+verb structure, no named action, metric, or environmental behaviour described. Applying the bare-tagline test (STEP 2 RED criterion and BOUNDARY rule 4): after stripping buzzwords, nothing checkable remains. The rule states explicitly that this class of claim is RED REGARDLESS of registry status — a confirmed certification cannot give substance to a tagline that asserts no behaviour. Although the company holds relevant certifications (EU Organic, BIOPARTENAIRE), those registries verify only that the certifications are held; they do not retroactively convert a bare label into a substantive claim.",No
Belledonne,Homepage,sourcing,INGRÉDIENTS ORIGINE FRANCE,INGREDIENTS OF FRENCH ORIGIN,FR,0.88,Yes,Yes,Yes,Yes,Yes,,The phrase 'INGRÉDIENTS ORIGINE FRANCE' appears on the page and is a company-attributed sourcing claim with environmental relevance.,https://belledonne.bio/,belledonne.json,No,Yes,No,No,Yes,Yes,RED,RED - bare tagline/label with no environmental behaviour named; pure geographic origin claim masquerading as environmental assertion,"The claim 'INGRÉDIENTS ORIGINE FRANCE' is a product label or tagline that names only geographic origin (France), not any environmental action, certification, or commitment. After stripping the buzzword framing, no behaviour survives — it is a bare sourcing label with no verifiable environmental content. The confirmed registries (EU Organic, BIOPARTENAIRE, BioED) are irrelevant because this claim does not invoke them and asserts nothing about organic status, fairness, or environmental practice that those certifications would verify. A pure origin statement is not an environmental claim subject to verification under the Directive.",Yes
Belledonne,Homepage,sourcing,FABRICATION ARTISANALE FRANÇAISE,FRENCH ARTISANAL MANUFACTURING,FR,0.72,No,Yes,No,Yes,Yes,NOT_ENVIRONMENTAL,"The claim 'FABRICATION ARTISANALE FRANÇAISE' is present and company-attributed, but it is primarily a production-origin statement and does not itself assert an environmental characteristic.",https://belledonne.bio/,belledonne.json,No,Yes,No,No,Yes,Yes,RED,"RED - bare tagline/label, no environmental behaviour or action named","The claim 'FABRICATION ARTISANALE FRANÇAISE' (artisanal French manufacturing) is a pure product label or tagline describing manufacturing origin and method style, with no environmental performance claim, action, commitment, or behaviour asserted. After stripping buzzwords, no concrete environmental substance remains. The confirmed certifications (EU Organic, BIOPARTENAIRE, BioED) are present but do not rescue a bare label — a certification cannot give environmental content to a claim that names none. This falls squarely under the RED criterion: bare tagline, nothing behavioural, RED regardless of registry status.",No
Belledonne,Homepage,general,Tous nos produits bio,All our organic products,FR,0.78,Yes,Yes,Yes,Yes,Yes,,The text 'Tous nos produits bio' is present and functions as a complete company/product claim indicating organic products.,https://belledonne.bio/,belledonne.json,No,Yes,No,No,Yes,Yes,RED,"RED - bare tagline, pure marketing label with no behaviour, action, or commitment named","The claim 'Tous nos produits bio' is a standalone product tag asserting a categorical label with no subject–verb structure, no named action, process, or commitment—only a buzzword ('bio'). Per STEP 2 RED criterion and BOUNDARY rule 2, a bare tagline asserting nothing behavioural is RED even when the company holds confirmed relevant certification (EU Organic, BIOPARTENAIRE, BioED). The certification validates the underlying fact, but the claim itself makes no verifiable assertion beyond the label and thus fails the substance test.",No
Belledonne,About,general,"DEPUIS 1991, BELLEDONNE CRÉE DES GOURMANDISES BIO","SINCE 1991, BELLEDONNE HAS BEEN CREATING ORGANIC TREATS",FR,0.85,Yes,Yes,Yes,Yes,Yes,,The page explicitly states that Belledonne creates organic treats since 1991.,https://belledonne.bio/pages/notre-histoire,belledonne.json,No,Yes,No,No,Yes,Yes,GREEN,GREEN - Concrete verifiable fact (company founding date and activity type) with type-matching registry confirmed,"The claim states a specific, verifiable company history fact: founded in 1991, creates organic confectionery ('gourmandises bio'). This is a factual statement about the company's origin and structure, not an environmental performance claim requiring independent verification. The registry confirms EU Organic, BIOPARTENAIRE, and BioED certifications, which directly verify the 'bio' (organic) product claim. Factual company history statements do not require registry confirmation as a gating criterion — they are background facts, not environmental assertions being verified — but the presence of confirmed organic certification provides additional credibility floor here.",No
Belledonne,About,sourcing,"Bruno Anquetil, animé par une passion pour l'artisanat et la bio, ouvre une petite boulangerie dans le hameau d'Arvillard, en Savoie, au cœur des montagnes de Belledonne. Issu du monde agricole, il a dès ses débuts voulu construire un lien fort avec les paysans pour ancrer son entreprise dans son terroir d'origine.","Bruno Anquetil, driven by a passion for craftsmanship and organic products, opens a small bakery in the hamlet of Arvillard, in Savoie, at the heart of the Belledonne mountains. Coming from the agricultural world, he wanted from the very beginning to build a strong link with farmers to anchor his company in its original terroir.",FR,0.75,Yes,Yes,Yes,Yes,Yes,,The passage about building a strong link with farmers and anchoring the business in its local terroir is present and company-attributed.,https://belledonne.bio/pages/notre-histoire,belledonne.json,No,Yes,No,No,Yes,Yes,GREEN,GREEN - factual company history and founding story; no environmental performance claim requiring independent verification,"This claim describes Bruno Anquetil's founding story, geographic origin (Arvillard, Savoie), his background in agriculture, and his intent to build relationships with local farmers — these are verifiable facts about company structure and history, not environmental performance assertions. Per STEP 2 GREEN criterion, factual company history and founding narratives do not require registry confirmation; they are background context, not performance claims being verified. The confirmed EU Organic, BIOPARTENAIRE, and BioED registrations provide additional credibility, but the claim itself qualifies as GREEN on its own merits as a factual founding narrative.",No
Belledonne,About,general,"Les biscuits bio boulangers de Belledonne font leur apparition dans les rayons vrac des magasins bio, apportant une touche de gourmandise et de tradition.","Belledonne's organic bakery biscuits appear on the bulk shelves of organic stores, bringing a touch of indulgence and tradition.",FR,0.8,Yes,Yes,Yes,Yes,Yes,,The page states that Belledonne's organic baker biscuits appeared in bulk sections of organic stores.,https://belledonne.bio/pages/notre-histoire,belledonne.json,No,Yes,No,No,Yes,Yes,GREEN,GREEN - Concrete verifiable fact with type-matching registry confirmed,"The claim states a specific, factual action already taken: Belledonne's organic biscuits are appearing in bulk sections of organic stores, with named product type and distribution channel. This is a concrete, verifiable fact about company behaviour. The registry evidence confirms EU Organic, BIOPARTENAIRE, and BioED certifications — all of which directly verify organic status and are type-matching for a claim asserting ""biscuits bio"" (organic biscuits). The specificity of the distribution claim combined with confirmed organic certification meets the GREEN criterion.",No
Belledonne,About,certification,"La chocolaterie bio devient le troisième pilier de Belledonne, ajoutant une nouvelle dimension à l'entreprise. Cette année marque aussi le 1er produit Belledonne labellisé BIOPARTENAIRE®.","The organic chocolate factory becomes the third pillar of Belledonne, adding a new dimension to the company. This year also marks the first Belledonne product labelled BIOPARTENAIRE®.",FR,0.95,Yes,Yes,Yes,Yes,Yes,,"The text mentions the first Belledonne product labeled BIOPARTENAIRE®, which is a certification claim.",https://belledonne.bio/pages/notre-histoire,belledonne.json,No,Yes,No,No,Yes,Yes,GREEN,"GREEN - specific detail (named action, named certification, date) AND type-matching registry confirmed","The claim names two specific, concrete actions: establishment of a bio chocolaterie as a new business pillar, and launch of the first BIOPARTENAIRE®-labelled product this year. Both actions are named with sufficient particularity (product category, certification scheme, timing). Registry evidence confirms BIOPARTENAIRE is held by this company, matching the type of certification claim being made. This satisfies the GREEN criterion: specific detail + type-matching registry confirmed.",No
Belledonne,About,general,Belledonne développe les premières guimauves artisanales bio,Belledonne develops the first artisan organic marshmallows,FR,0.8,Yes,Yes,Yes,Yes,Yes,,The claim about developing the first organic artisanal marshmallows is present on the page.,https://belledonne.bio/pages/notre-histoire,belledonne.json,No,Yes,No,No,Yes,Yes,GREEN,GREEN - specific claim with TYPE-MATCHING registry confirmed,"The claim names a specific product category ('premières guimauves artisanales bio') and asserts an organic status. The registry evidence confirms EU Organic, BIOPARTENAIRE, and BioED certifications for this company — all of which are type-matching certifications that verify organic claims. The specificity of the product development claim combined with confirmed organic certification in the relevant registry satisfies the GREEN criterion.",No
Belledonne,About,certification,"L'entreprise reçoit la labellisation Bio Entreprise Durable, une certification 100% indépendante qui témoigne de nos engagements RSE vers des pratiques écologiques et durables.","The company receives the Bio Entreprise Durable certification, a 100% independent certification that reflects our CSR commitments towards ecological and sustainable practices.",FR,0.95,Yes,Yes,Yes,Yes,Yes,,The page explicitly states that Belledonne received the Bio Entreprise Durable label and describes it as a certification.,https://belledonne.bio/pages/notre-histoire,belledonne.json,No,Yes,No,No,Yes,Yes,RED,RED - names a certification (Bio Entreprise Durable) that is not one of the six tracked registries and is not confirmed in the available evidence,"The claim asserts a specific certification label ('Bio Entreprise Durable') as independent verification of ecological and sustainable practices. However, this certification scheme does not appear in the six tracked registries (EU Organic, BIOPARTENAIRE, BioED, EMAS, B Corp, Bord Bia), and the registry evidence confirms only EU Organic, BIOPARTENAIRE, and BioED — not 'Bio Entreprise Durable'. Under the rule for untracked certification/standard claims presented as bare labels or product tags, this triggers RED classification.",Yes
Belledonne,About,packaging,"Belledonne innove une fois de plus avec deux nouvelles recettes de pâtes à tartiner, présentées dans un pot végétal inédit, alliant gourmandise et respect de l'environnement.","Belledonne innovates once again with two new spread recipes, presented in a unique plant-based jar, combining indulgence and respect for the environment.",FR,0.9,Yes,Yes,Yes,Yes,Yes,,The passage about an innovative plant-based pot respecting the environment is present and attributable to the company.,https://belledonne.bio/pages/notre-histoire,belledonne.json,No,Yes,No,No,Yes,Yes,AMBER,"AMBER - specific action named (new recipes, novel plant-based pot) but environmental claim ('respect de l'environnement') is vague and unquantified; no registry confirms the packaging innovation itself","The claim names concrete product innovations (two new spreads, a novel plant-based container) and a specific commitment to 'respect for the environment,' which satisfies the BOUNDARY rule 1 threshold of naming some behavioural detail beyond a bare tagline. However, the environmental benefit of the plant-based pot is asserted but not verified — the company holds confirmed organic/sustainable certifications, but these do not specifically verify packaging claims. Under STEP 2 AMBER criteria, the claim is specific enough to avoid RED but lacks registry confirmation for the packaging-specific environmental assertion.",Yes
Belledonne,Sustainability,certification,Une PME 100% bio depuis toujours,A 100% organic SME from the very beginning,FR,0.92,Yes,Yes,Yes,Yes,Yes,,"The page states that Belledonne is a 100% organic SME, which is an attributable environmental/product claim.",https://belledonne.bio/pages/bio-bon-et-engages?engagement=bio-locale-et-equitable,belledonne.json,No,Yes,No,No,Yes,Yes,GREEN,GREEN - Specific certification claim with TYPE-MATCHING registry confirmed,"The claim asserts '100% bio' (organic status) since the company's founding, a specific factual statement about certification status. The registry confirms THREE type-matching organic certifications (EU Organic, BIOPARTENAIRE, BioED), which directly verify this organic claim. Specific detail + type-matching registry confirmation = GREEN.",No
Belledonne,Sustainability,certification,64% de matières premières labellisées équitables*,"64% of raw materials certified fair trade* (*by volume, year 2023)",FR,0.95,Yes,Yes,Yes,Yes,Yes,,The claim about 64% of raw materials being fair-trade labeled appears in the text and is company-attributed.,https://belledonne.bio/pages/bio-bon-et-engages?engagement=bio-locale-et-equitable,belledonne.json,No,Yes,No,No,Yes,Yes,AMBER,"AMBER - specific detail (64%, named action: fair-trade labelling) but no TYPE-MATCHING registry confirmed","The claim names a specific metric (64%) and a concrete action (fair-trade labelled raw materials), satisfying the specificity test for AMBER minimum. However, the company holds confirmed certifications in organic/biopartenaire/bioed schemes, none of which verify fair-trade claims — fair-trade certification (e.g. FLO-Cert, Fairtrade) is not confirmed in the registry. The specificity prevents RED, but the absence of a matching fair-trade registry prevents GREEN.",Yes
Belledonne,Sustainability,sourcing,Nos farines sont locales : 94% de farines provenant de moins de 200km de nos fournils*,"Our flours are local: 94% of flours sourced from within 200km of our bakeries* (*by volume, year 2023)",FR,0.97,Yes,Yes,Yes,Yes,Yes,,"The page states that 94% of flours come from within 200 km of the bakery, which is a sourcing-related environmental claim.",https://belledonne.bio/pages/bio-bon-et-engages?engagement=bio-locale-et-equitable,belledonne.json,No,Yes,No,No,Yes,Yes,GREEN,"GREEN — Concrete, verifiable fact (specific metric: 94% of flour from <200km) with named action (sourcing practice). Type-matching registry confirmed (EU Organic, BIOPARTENAIRE, BioED all verify sourcing/ingredient origin claims).","The claim states a measurable, checkable fact—a specific percentage and distance threshold for flour sourcing—rather than vague marketing language. This is a concrete sourcing commitment. The company holds confirmed certifications (EU Organic, BIOPARTENAIRE, BioED) that are type-matched to verify origin and sourcing claims, providing independent verification of the company's credibility on local/ingredient sourcing. The specificity of the metric (94%, <200km) combined with relevant registry confirmation satisfies the GREEN criterion.",No
Belledonne,Sustainability,sourcing,"Beurre, œuf, lait, miel : Origine 100% France","Butter, eggs, milk, honey: 100% French origin",FR,0.95,Yes,Yes,Yes,Yes,Yes,,"The statement that butter, eggs, milk and honey are 100% from France is present and company-attributed.",https://belledonne.bio/pages/bio-bon-et-engages?engagement=bio-locale-et-equitable,belledonne.json,No,Yes,No,No,Yes,Yes,GREEN,"GREEN - concrete, verifiable fact (named suppliers/ingredients with specific geographic origin) requiring no certification verification","The claim states a factual company sourcing statement: four named ingredients (butter, egg, milk, honey) with a concrete, verifiable origin assertion (100% France). Per STEP 2 GREEN criterion, factual statements about sourcing, geographic origin, and company structure do not require registry confirmation — they are background facts about the company's supply chain, not environmental performance claims being verified by an independent scheme. The 100% France origin is a checkable, concrete fact that can be verified through supplier documentation and labelling records, independent of certification schemes.",No
Belledonne,Sustainability,general,Découvrez notre rapport RSE (Responsabilité Sociétale des Entreprises) qui présente nos actions de développement durable au cours de l'année 2025.,Discover our CSR report (Corporate Social Responsibility) which presents our sustainable development actions during the year 2025.,FR,0.8,Yes,Yes,Yes,Yes,Yes,,"The text invites users to discover their CSR report presenting sustainability actions for 2025; this is a complete, company-attributed environmental claim.",https://belledonne.bio/pages/bio-bon-et-engages?engagement=bio-locale-et-equitable,belledonne.json,No,Yes,No,No,Yes,Yes,GREEN,"GREEN — Factual company statement (CSR report disclosure) describing verified sustainable development actions; STEP 2 GREEN criterion: factual company history, structure, and general action statements do not require registry confirmation.","The claim announces the publication of a CSR (Corporate Social Responsibility) report detailing sustainable development actions taken in 2025. This is a factual statement about company transparency and reporting — a concrete action (publishing a named report) already undertaken — not an unsubstantiated environmental performance assertion. The company holds confirmed organic and sustainable certifications (EU Organic, BIOPARTENAIRE, BioED), which provide credibility context. The claim names a specific, verifiable action (CSR report publication) and does not require type-matching registry verification; it is a corporate governance/transparency fact, not a performance claim that needs independent certification.",No
Biologon GmbH,Homepage,certification,"Ihre Eigenmarke, die Sie von uns herstellen lassen, ist bio-zertifiziert und von bester Premium-Qualität.","Your private label, which we manufacture for you, is organic-certified and of the best premium quality.",DE,0.95,Yes,Yes,Yes,Yes,Yes,,The page states that the private label product is bio-zertifiziert.,https://biologon.at/,biologon_gmbh.json,Yes,Yes,No,No,No,No,GREEN,GREEN - specific claim with TYPE-MATCHING registry confirmed,"The claim names 'bio-zertifiziert' (bio-certified) as a specific assertion about the company's private-label products. The registry evidence confirms EU Organic certification for this company, which is the TYPE-MATCHING registry for organic/bio claims. The claim is concrete (named action: products are bio-certified and premium quality) and the relevant certification type is independently verified, satisfying the GREEN criterion.",No
Biologon GmbH,Homepage,general,"Biologisch, vegan, glutenfrei, ohne künstliche Aromen, ohne Konservierungsstoffe und ohne Kristallzucker sind die Attribute, die unsere Softriegel auszeichnen.","Organic, vegan, gluten-free, without artificial flavourings, without preservatives and without refined sugar are the attributes that distinguish our soft bars.",DE,0.85,Yes,Yes,Yes,Yes,Yes,,The product description attributes several environmental/production characteristics to the company’s Softriegel.,https://biologon.at/,biologon_gmbh.json,Yes,Yes,No,No,No,No,GREEN,"GREEN - Concrete, verifiable facts (named product attributes) with TYPE-MATCHING registry confirmed (EU Organic)","The claim lists specific, verifiable product attributes (biologisch/organic, vegan, gluten-free, no artificial flavours, no preservatives, no refined sugar) for a named product (Softriegel). EU Organic certification is confirmed in the registry, which directly verifies the organic/biologisch claim and provides independent verification for the substantive factual assertions about product composition. The claim describes concrete product facts, not marketing slogans, and the matching registry confirmation satisfies the GREEN criterion.",No
Biologon GmbH,Homepage,general,"Der Transport erfolgt umweltschonend, mit neuestem Equipment und nach Möglichkeit auf der Bahn.","Transport is carried out in an environmentally friendly manner, with the latest equipment and by rail where possible.",DE,0.9,Yes,Yes,Yes,Yes,Yes,,The transport statement claims environmentally friendly transport and rail use where possible.,https://biologon.at/,biologon_gmbh.json,Yes,Yes,No,No,No,No,AMBER,"AMBER — Specific commitment named ('environmentally friendly transport', 'latest equipment', 'rail where possible') but no type-matching registry confirmed","The claim describes concrete transportation practices (rail preference, modern equipment, environmental care) that are verifiable actions, meeting BOUNDARY rule 1 (specific detail present → AMBER minimum). However, EMAS and EU Organic certifications do not specifically verify transport logistics claims — EMAS is a general environmental management system that could cover transport, but the claim itself names no EMAS audit or certified practice. Without a confirmed registry that directly validates this transport commitment, the claim remains AMBER: specific enough to avoid RED, but unverified by a type-matching certification.",Yes
Biologon GmbH,Homepage,certification,"Seit mittlerweile vier Jahren sind wir Teil des EMAS (Eco-Management and Audit Scheme) – und wir freuen uns riesig, euch mitteilen zu können, dass wir [die EMAS-Revalidierung geschafft haben].",For four years now we have been part of EMAS (Eco-Management and Audit Scheme) – and we are delighted to announce that we [have completed the EMAS revalidation].,DE,0.97,Yes,Yes,Yes,Yes,Yes,,The text says the company has been part of EMAS and has achieved revalidation.,https://biologon.at/,biologon_gmbh.json,Yes,Yes,No,No,No,No,GREEN,GREEN — Specific certification named AND type-matching registry confirmed,"The claim names EMAS specifically and states a concrete, verifiable fact: four-year membership and successful revalidation. The registry evidence confirms EMAS is held by this company. This satisfies the GREEN criterion: claim references a specific certification AND registry confirms that specific certification, with a concrete action/outcome named (revalidation achieved).",No
Biologon GmbH,Homepage,sourcing,"biologon ist ein Tiroler Familienunternehmen, welches sich auf die Herstellung und Veredelung von hochwertigen Lebensmitteln aus kontrolliert biologischem Anbau spezialisiert hat.",biologon is a Tyrolean family company that has specialised in the production and refinement of high-quality foods from certified organic farming.,DE,0.95,Yes,Yes,Yes,Yes,Yes,,The company describes itself as specialized in foods from controlled organic cultivation.,https://biologon.at/,biologon_gmbh.json,Yes,Yes,No,No,No,No,GREEN,GREEN - factual company history/structure statement with TYPE-MATCHING registry confirmed,"The claim describes biologon as a Tyrolean family business specializing in high-quality foods from controlled organic farming. This is a factual statement about company background, founding structure, and geographic origin — not an environmental performance claim requiring independent verification. The registry confirms EU Organic certification, which TYPE-MATCHES the claim's reference to 'kontrolliert biologischem Anbau' (controlled organic farming). Per STEP 2 GREEN criterion, factual company history statements do not require registry confirmation (they aren't environmental performance claims), but here the matching registry is confirmed anyway, making this unambiguously GREEN.",No
Biologon GmbH,Homepage,sourcing,"Bio Granola – schonend gebacken, mit niedrigem Zuckergehalt, ohne Kristallzuckerzusatz, mit hochwertigem Pflanzenöl aus Europa.","Bio Granola – gently baked, with low sugar content, without added refined sugar, with high-quality plant oil from Europe.",DE,0.8,Yes,Yes,Yes,Yes,Yes,,The Bio Granola description includes the referenced product attributes and European plant oil.,https://biologon.at/,biologon_gmbh.json,Yes,Yes,No,No,No,No,AMBER,AMBER - specific detail present but type-matching registry confirmation incomplete for all claims,"The claim names specific, verifiable product attributes ('Bio', 'low sugar content', 'no added crystalline sugar', 'high-quality plant oil from Europe') and references 'Bio' (organic status). EU Organic is confirmed, which matches the 'Bio' label and verifies organic production methods. However, the claims about processing ('gently baked'), sugar content, and oil sourcing are specific factual assertions that go beyond organic certification scope — EU Organic does not verify these particular production details or ingredient sourcing specifics. The claim is specific enough to avoid RED, and the organic element is registry-confirmed, placing it at AMBER: substantive and partially verified but requiring additional evidence for the non-organic-specific elements.",Yes
Biologon GmbH,Homepage,general,"CSR-Guide 2025 – Der Moment, wenn man schwarz auf weiß sieht, was schon alles vorwärts gegangen ist",CSR Guide 2025 – The moment when you see in black and white how much progress has already been made.,DE,0.75,No,No,No,No,No,TITLE_OR_NAVIGATION,"This is an article/title-style text snippet, not an assessable environmental claim.",https://biologon.at/,biologon_gmbh.json,Yes,Yes,No,No,No,No,RED,"RED — pure tagline/marketing slogan with no environmental behaviour, action, or commitment named","The claim is a promotional heading describing a CSR guide moment ('when you see in black and white what progress has been made') with no specific environmental action, metric, commitment, or behaviour stated. After stripping marketing language, nothing checkable remains — it is a bare assertion of progress without naming what was done, by whom, or how. Registry confirmation (EMAS, EU Organic) does not cure this: a pure tagline cannot be verified by certification alone, because the tagline itself asserts nothing specific enough to verify.",No
Biologon GmbH,About,general,"Bodenständig, nachhaltig und ehrlich – mit Tiroler Handschlagqualität!","Down-to-earth, sustainable and honest – with Tyrolean handshake quality!",DE,0.6,Yes,Yes,Yes,Yes,Yes,,Company slogan-style statement with an environmental term ('nachhaltig'); clearly attributable and complete.,https://biologon.at/uber-uns/,biologon_gmbh.json,Yes,Yes,No,No,No,No,RED,"RED - pure tagline/slogan with no environmental behaviour, action, or commitment named","The claim 'Bodenständig, nachhaltig und ehrlich – mit Tiroler Handschlagqualität!' is a marketing slogan asserting general sustainability and honesty with no concrete action, metric, supplier, commitment, or verifiable fact. After stripping buzzwords ('nachhaltig'/'sustainable', 'ehrlich'/'honest'), no checkable environmental behaviour remains — only vague regional branding. Under the bare-tagline test, this is RED regardless of confirmed registries (EMAS and EU Organic), because a certification cannot give substance to a claim that asserts nothing behavioural to verify.",No
Biologon GmbH,About,general,"Wir vertreiben Biolebensmittel mit höchster Qualität, die im Einklang mit der Natur produziert werden.","We distribute organic foods of the highest quality, produced in harmony with nature.",DE,0.8,Yes,Yes,Yes,Yes,Yes,,Faithful to the page text and asserts production in harmony with nature.,https://biologon.at/uber-uns/,biologon_gmbh.json,Yes,Yes,No,No,No,No,GREEN,"GREEN — Specific claim (organic food, highest quality, nature-aligned production) with TYPE-MATCHING registry confirmed (EU Organic)","The claim asserts organic food production ('Biolebensmittel') and quality aligned with nature. The registry evidence confirms EU Organic certification for this company, which is the exact certification type that verifies an organic claim. This meets the GREEN criterion: specific detail + type-matching registry confirmed.",No
Biologon GmbH,About,sourcing,"Förderung von Bauern, die biologischen Anbau praktizieren",Promotion of farmers who practise organic farming,DE,0.9,Yes,Yes,Yes,Yes,Yes,,States support for farmers practicing organic farming; environmental sourcing claim.,https://biologon.at/uber-uns/,biologon_gmbh.json,Yes,Yes,No,No,No,No,GREEN,GREEN — Specific claim + TYPE-MATCHING registry confirmed,"The claim names a concrete action: promotion of farmers practicing organic cultivation. The registry evidence confirms EU Organic certification for this company, which is the type-matching scheme that verifies organic farming claims. The specificity of the action combined with confirmation of the relevant organic registry meets the GREEN criterion.",No
Biologon GmbH,About,general,Einsatz von umweltfreundlichen und ökologisch abbaubaren Produkten,Use of environmentally friendly and biodegradable products,DE,0.85,Yes,Yes,Yes,Yes,Yes,,Claims use of environmentally friendly and biodegradable products.,https://biologon.at/uber-uns/,biologon_gmbh.json,Yes,Yes,No,No,No,No,AMBER,AMBER - Specific claim (named action: use of environmentally friendly and biodegradable products) but type-mismatch between claim scope and confirmed registries,"The claim names a concrete action (Einsatz von umweltfreundlichen und ökologisch abbaubaren Produkten — use of eco-friendly and biodegradable products) and is therefore specific enough to avoid RED. However, the confirmed registries (EMAS and EU Organic) do not fully verify a broad claim about general product environmental friendliness and biodegradability across the company's range. EMAS covers environmental management systems and EU Organic covers organic certification — neither is a type-matching registry for a general claim about eco-friendly product selection. The claim requires evidence beyond what these registries alone establish.",Yes
Biologon GmbH,About,general,Förderung des ökologischen Lebensstils,Promotion of an ecological lifestyle,DE,0.75,Yes,Yes,Yes,Yes,Yes,,Company states it promotes an ecological lifestyle.,https://biologon.at/uber-uns/,biologon_gmbh.json,Yes,Yes,No,No,No,No,RED,"RED - bare tagline, no behaviour named","The claim 'Förderung des ökologischen Lebensstils' (promotion of an ecological lifestyle) is a pure marketing tagline with no specific action, metric, commitment, or behavioural detail. After stripping the buzzwords, nothing concrete about the company's environmental performance remains — no named initiative, no measurable outcome, no concrete practice is described. Even though the company holds confirmed EMAS and EU Organic certifications, a bare tagline cannot be elevated to credibility by those certifications because the tagline asserts nothing checkable; per the rules, pure taglines are RED regardless of registry status.",No
Biologon GmbH,About,carbon,Unsere Produktion wird zu 100% mit ÖkoStrom aus Tiroler Wasserkraft betrieben.,Our production is powered 100% by eco-electricity from Tyrolean hydropower.,DE,0.95,Yes,Yes,Yes,Yes,Yes,,Energy sourcing claim: production powered 100% by ÖkoStrom from Tyrolean hydropower.,https://biologon.at/uber-uns/,biologon_gmbh.json,Yes,Yes,No,No,No,No,GREEN,"GREEN - concrete, verifiable fact with type-matching registry confirmed","The claim names a specific, measurable action: 100% production powered by hydroelectric power from Tyrolean sources. This is a concrete, verifiable fact (named supplier type, specific location, quantified outcome). EMAS (Eco-Management and Audit Scheme) is confirmed for this company and is the appropriate registry for verifying energy source and production process claims. The claim does not require organic certification — it is a carbon/energy claim verified by EMAS.",No
Biologon GmbH,About,carbon,Vermeidung von unnützen Transportwegen – Der Transport der Waren erfolgt mit neuestem umweltschonendem Equipment unseres Logistikpartners Nothegger Transport Logistik – klimaAktiv Partner des Lebens- und Umweltministerium.,Avoidance of unnecessary transport routes – the transport of goods is carried out with the latest environmentally friendly equipment from our logistics partner Nothegger Transport Logistik – a klimaAktiv partner of the Ministry of Life and the Environment.,DE,0.9,Yes,Yes,Yes,Yes,Yes,,Claims avoidance of unnecessary transport routes and use of environmentally friendly logistics equipment.,https://biologon.at/uber-uns/,biologon_gmbh.json,Yes,Yes,No,No,No,No,GREEN,"GREEN - Concrete, verifiable action with named supplier AND TYPE-MATCHING registry confirmed (EMAS covers environmental management including transport/emissions)","The claim names a specific, measurable action (transport using latest environmentally-friendly equipment from named partner Nothegger Transport Logistik) and references participation in a verified public programme (klimaAktiv, a recognized Austrian environmental initiative). EMAS is a confirmed environmental management certification that covers operational practices including logistics and emissions — the type-matching registry for this claim. The specificity of the supplier name, equipment description, and programme reference meets the GREEN threshold.",No
Biologon GmbH,About,sourcing,"biologon ist ein Tiroler Familienunternehmen, welches sich auf die Herstellung und Veredelung von hochwertigen Lebensmitteln aus kontrolliert biologischem Anbau spezialisiert hat.",Biologon is a Tyrolean family business specialising in the production and refinement of high-quality foods from certified organic farming.,DE,0.9,Yes,Yes,Yes,Yes,Yes,,Company description includes controlled organic cultivation as a sourcing claim.,https://biologon.at/uber-uns/,biologon_gmbh.json,Yes,Yes,No,No,No,No,GREEN,"GREEN - concrete, verifiable fact (company history/structure) + type-matching registry confirmed (EU Organic)","The claim describes biologon as a Tyrolean family business specializing in manufacture and refinement of high-quality foods from controlled organic farming. This is a factual company history and structural statement naming a specific origin, business type, and specialization—not an environmental performance claim requiring independent verification. The registry confirms EU Organic certification, which matches the 'controlled organic farming' (kontrolliert biologischem Anbau) reference in the claim. Per GREEN criterion 3, factual company history and geographic/origin description do not require registry confirmation—they are background facts, not performance claims—but the matching organic registry confirmation reinforces compliance.",No
Biologon GmbH,About,general,Ein sorgsamer Umgang mit den Ressourcen unserer wunderschönen Erde liegt Uschi sehr am Herzen. Strategisch und mit viel Herzblut plant und begleitet Uschi die zahlreichen Maßnahmen die unser Unternehmen in diesem Bereich tätigt.,"A careful use of the resources of our beautiful Earth is very close to Uschi's heart. Strategically and with great dedication, Uschi plans and oversees the numerous measures our company takes in this area.",DE,0.7,Yes,Yes,Yes,Yes,Yes,,Refers to resource stewardship and company measures in this area; environmentally relevant and attributable.,https://biologon.at/uber-uns/,biologon_gmbh.json,Yes,Yes,No,No,No,No,AMBER,AMBER - vague but substantive commitment with confirmed type-matching registry,"The claim describes a general commitment to resource stewardship and states that the company undertakes 'numerous measures' in this area, but provides no specific actions, metrics, dates, or verifiable details. However, the company holds a confirmed EMAS certification, which is a type-matching environmental management system registry that verifies environmental performance and resource management commitments. Under the rule that vague but substantive claims paired with a confirmed relevant registry default to AMBER (credibility floor), this classification is appropriate.",No
Biologon GmbH,Sustainability,general,"Nachhaltigkeit fördert den schonenden Umgang mit Ressourcen, reduziert Abfall, und nutzt erneuerbare Energien.","Sustainability promotes the careful use of resources, reduces waste, and uses renewable energies.",DE,0.75,No,Yes,Yes,No,Yes,NOT_COMPANY_ATTRIBUTED,"The sentence appears in a general sustainability explanation, not as a claim made by the company about itself or its products.",https://biologon.at/nachhaltigkeit/,biologon_gmbh.json,Yes,Yes,No,No,No,No,AMBER,AMBER – vague but substantive claim with confirmed type-matching registry (EMAS),"The claim describes environmental behaviours (resource conservation, waste reduction, renewable energy use) without specific metrics, dates, or quantified outcomes — it is vague marketing language. However, the company holds a confirmed EMAS certification, which is a type-matching registry for environmental management and resource/energy claims. Under the credibility-floor rule, vague but substantive claims from companies with relevant confirmed certifications default to AMBER, not RED.",No
Biologon GmbH,Sustainability,general,"Bei BioLifestyle ist ESG ein zentraler Bestandteil unserer Werte. Wir setzen uns aktiv für eine nachhaltige Zukunft ein und legen dabei besonderen Wert auf: Environmental, Social, Governance.","At BioLifestyle, ESG is a central component of our values. We are actively committed to a sustainable future and place particular emphasis on: Environmental, Social, Governance.",DE,0.75,Yes,Yes,Yes,Yes,Yes,,Faithful company statement about ESG and commitment to a sustainable future.,https://biologon.at/nachhaltigkeit/,biologon_gmbh.json,Yes,Yes,No,No,No,No,AMBER,AMBER — vague commitment with confirmed but non-matching registry,"The claim asserts a commitment to sustainability and ESG values but names no specific action, metric, date, or measurable outcome — it is aspirational language without concrete behaviour details. Although the company holds confirmed EMAS and EU Organic certifications, neither of these registries specifically verifies a general 'ESG and sustainable future' commitment; EMAS covers environmental management systems and EU Organic covers food/agricultural certification, neither of which directly validates a broad governance and social responsibility claim. Under STEP 2 AMBER criterion (claim is specific in intention but lacks registry confirmation of the matching type), this falls to AMBER.",Yes
Biologon GmbH,Sustainability,general,"BioLifestyle steht für ein nachhaltiges Lebensgefühl, das die Umwelt schützt, soziale Verantwortung fördert und ethisches Wirtschaften vorlebt.","BioLifestyle stands for a sustainable lifestyle that protects the environment, promotes social responsibility, and practices ethical business conduct.",DE,0.78,Yes,Yes,Yes,Yes,Yes,,Company-attributed sustainability and environmental responsibility claim.,https://biologon.at/nachhaltigkeit/,biologon_gmbh.json,Yes,Yes,No,No,No,No,RED,"RED - vague marketing slogan with no specific environmental behaviour, action, or commitment named","The claim is a pure tagline asserting generic sustainability values ('sustainable lifestyle', 'environmental protection', 'social responsibility', 'ethical business') without naming any concrete action, metric, supplier, initiative, or verifiable fact. Stripping buzzwords leaves no behavioural substance. Although the company holds confirmed EMAS and EU Organic certifications, these cannot validate a claim that asserts nothing checkable — a bare values statement is RED regardless of registry status.",No
Biologon GmbH,Sustainability,general,"Bei BioLifestyle haben wir uns den 17 Zielen für nachhaltige Entwicklung (Sustainable Development Goals, SDGs) der Vereinten Nationen verpflichtet.","At BioLifestyle, we are committed to the 17 Sustainable Development Goals (SDGs) of the United Nations.",DE,0.82,Yes,Yes,Yes,Yes,Yes,,"The company states it has committed to the UN SDGs, which is an environmental/sustainability claim.",https://biologon.at/nachhaltigkeit/,biologon_gmbh.json,Yes,Yes,No,No,No,No,AMBER,"AMBER — Specific commitment named, but to an untracked external programme (UN SDGs), not a certification within the six tracked registries","The claim names a concrete commitment to the UN Sustainable Development Goals — a specific, named initiative with behavioural intent — but the SDGs are not one of the six tracked registry schemes (EMAS, EU Organic, B Corp, Bord Bia, BIOPARTENAIRE, BioED). Although EMAS and EU Organic are confirmed for this company, neither of those certifications specifically verifies SDG alignment as such. The claim therefore has specificity and substance (commitment to a named public programme), placing it above RED, but lacks type-matching registry confirmation, placing it at AMBER per the rule 'Claim is SPECIFIC but no registry is confirmed for this company, OR the confirmed registry doesn't match the type of claim being made.'",Yes
Biologon GmbH,Sustainability,certification,Seit mittlerweile vier Jahren sind wir Teil des EMAS (Eco-Management...,"For four years now, we have been part of EMAS (Eco-Management and Audit Scheme)...",DE,0.92,No,Yes,Yes,Yes,No,INCOMPLETE_FRAGMENT,This is a truncated article title/snippet ('EMAS (Eco-Management...') and does not provide a complete assessable claim.,https://biologon.at/nachhaltigkeit/,biologon_gmbh.json,Yes,Yes,No,No,No,No,GREEN,GREEN — Specific certification named AND type-matching registry confirmed,The claim names EMAS (Eco-Management and Audit Scheme) as a specific participation for four years and provides a concrete timeframe. Registry evidence confirms EMAS is a verified certification for this company. The claim meets the GREEN criterion: it references a specific named certification AND the registry confirms that SPECIFIC certification type is held by the company.,No
Biologon GmbH,Sustainability,certification,EU Organic Awards 2024: biologon aus Tirol unter den Top-Finalisten,EU Organic Awards 2024: biologon from Tyrol among the top finalists.,DE,0.88,No,Yes,Yes,No,No,TITLE_OR_NAVIGATION,"This is an article headline about an award/finalist status, not a complete company environmental claim in itself.",https://biologon.at/nachhaltigkeit/,biologon_gmbh.json,Yes,Yes,No,No,No,No,GREEN,GREEN — Specific certification claim with TYPE-MATCHING registry confirmed,"The claim references a specific, named certification award ('EU Organic Awards 2024') and identifies a concrete action/recognition (the company being among top finalists). The registry evidence confirms EU Organic certification for this company, which is the TYPE-MATCHING registry for an organic/EU Organic claim. The claim is specific enough to be verifiable and the relevant registry is confirmed, meeting the GREEN criterion.",No
Biologon GmbH,Sustainability,sourcing,"biologon ist ein Tiroler Familienunternehmen, welches sich auf die Herstellung und Veredelung von hochwertigen Lebensmitteln aus kontrolliert biologischem Anbau spezialisiert hat.",biologon is a Tyrolean family business specialising in the production and refinement of high-quality food products from certified organic farming.,DE,0.92,Yes,Yes,Yes,Yes,Yes,,"Company description includes controlled organic farming, which is a clear sourcing/product characteristic claim.",https://biologon.at/nachhaltigkeit/,biologon_gmbh.json,Yes,Yes,No,No,No,No,GREEN,"GREEN — Concrete, verifiable fact (company founding story, geographic origin, business structure) with type-matching registry confirmed (EU Organic)","The claim describes biologon as a Tyrolean family business specializing in manufacturing high-quality food from certified organic farming. This is a factual company-history and structure statement, not an environmental performance assertion requiring independent verification. The type-matching registry (EU Organic) is confirmed, which corroborates the organic sourcing claim embedded in the statement. Per STEP 2 GREEN criterion: factual company history and geographic/origin description do not require registry confirmation as they are background facts, not performance claims — but here both elements are present: the fact is specific (Tyrolean family business, organic specialization) and the relevant registry (EU Organic) is independently confirmed.",No
Biologon GmbH,Products,sourcing,"biologon ist ein Tiroler Familienunternehmen, welches sich auf die Herstellung und Veredelung von hochwertigen Lebensmitteln aus kontrolliert biologischem Anbau spezialisiert hat.",biologon is a Tyrolean family business that specialises in the production and refinement of high-quality foods from certified organic farming.,DE,0.9,Yes,Yes,Yes,Yes,Yes,,The claim appears verbatim in the page text and is presented as the company's own description. 'Kontrolliert biologischem Anbau' is an environmental/agricultural sourcing claim and the sentence is complete.,https://biologon.at/rezepturen/,biologon_gmbh.json,Yes,Yes,No,No,No,No,GREEN,GREEN - concrete verifiable fact (company history/structure) with TYPE-MATCHING registry confirmed (EU Organic),"The claim states a factual company history and founding story (Tyrolean family business specializing in high-quality foods from controlled organic cultivation) combined with a specific environmental practice (controlled organic farming). The registry evidence confirms EU Organic certification, which directly verifies the organic cultivation claim. Per STEP 2 GREEN criterion, factual company structure and history statements do not require registry confirmation, but here both are present: the factual background AND the type-matching registry confirmation for the organic practice named.",No
Bread 41,Homepage,sourcing,"We use organic flour in all our breads, these grains are not only better tasting but more sustainable also.","We use organic flour in all our breads, these grains are not only better tasting but more sustainable also.",EN,0.9,Yes,Yes,Yes,Yes,Yes,,The claim appears verbatim in the page text and asserts use of organic flour and a sustainability implication.,https://bread41.ie/,bread_41.json,No,No,Yes,No,No,No,AMBER,"AMBER — Specific claim (named action: 'use organic flour in all our breads') but type-matching registry not confirmed. B Corp confirmed, but B Corp does not verify organic certification claims.","The claim names a concrete action ('use organic flour in all our breads') and references a specific certification type (organic status), meeting the specificity threshold for at least AMBER. However, the company holds a confirmed B Corp certification, which does not verify organic sourcing — the relevant registry for an organic claim (EU Organic, BIOPARTENAIRE, or BioED) is not confirmed. Under the type-matching rule, a confirmed but unrelated certification does not validate a claim about a different kind of certification, so this cannot be GREEN. The specific detail and stated action keep it out of RED, placing it at AMBER.",No
Bread 41,Homepage,sourcing,Our organic flour is supplied by Shipton Mill where the wholemeal flours are milled on the banks of the local river.,Our organic flour is supplied by Shipton Mill where the wholemeal flours are milled on the banks of the local river.,EN,0.8,Yes,Yes,Yes,Yes,Yes,,Faithfully present in the page text and describes the company's flour supply and milling location.,https://bread41.ie/,bread_41.json,No,No,Yes,No,No,No,AMBER,"AMBER - specific detail and concrete action named, but type-matching registry not confirmed","The claim names a specific supplier (Shipton Mill), a concrete action (milling on riverbanks), and references organic status. However, the registry evidence shows EU Organic is NOT confirmed for this company, and the confirmed B Corp certification does not verify organic claims — B Corp checks governance and social/environmental practices generally, not organic certification specifically. The claim contains sufficient specificity and behavioural detail to avoid RED, but without the type-matching organic registry confirmation, it cannot reach GREEN.",No
Bread 41,Homepage,general,"Stone-grinding flour is a simple, traditional process in which all the organic goodness of wholemeal flour is retained, unlike steel ""roller"" milling of white flour where the essential bran and germ is engineered away.","Stone-grinding flour is a simple, traditional process in which all the organic goodness of wholemeal flour is retained, unlike steel ""roller"" milling of white flour where the essential bran and germ is engineered away.",EN,0.75,Yes,Yes,Yes,Yes,Yes,,"The statement is present in substance and contrasts stone-grinding with roller milling, which is company-attributed and assessable.",https://bread41.ie/,bread_41.json,No,No,Yes,No,No,No,AMBER,"AMBER - Specific claim about product process and composition, but no type-matching registry confirmed","The claim names a concrete, verifiable process (stone-grinding) and a specific outcome (retention of organic goodness in wholemeal flour), which satisfies the specificity threshold for AMBER. However, the company's only confirmed certification is B Corp, which does not verify claims about organic status or milling processes. EU Organic certification—the type-matching registry for an 'organic goodness' assertion—is explicitly not confirmed. The claim therefore requires independent evidence beyond the company's B Corp status.",Yes
Bread 41,Homepage,sourcing,We will also be stone milling ourselves onsite using a variety of ancient Irish grains where possible.,We will also be stone milling ourselves onsite using a variety of ancient Irish grains where possible.,EN,0.75,Yes,Yes,Yes,Yes,Yes,,This matches the page text and describes an on-site milling plan using ancient Irish grains.,https://bread41.ie/,bread_41.json,No,No,Yes,No,No,No,AMBER,AMBER - specific commitment named but no type-matching registry confirmed,"The claim names a concrete future action (stone milling onsite using ancient Irish grains) with specificity and detail, placing it above the RED threshold. However, no registry confirmation exists for certifications that would verify this sourcing or grain-handling claim — B Corp confirmation is present but does not match the type of claim being made (sourcing/production method verification). The specificity of the commitment and the named action ('stone milling ourselves onsite', 'ancient Irish grains') warrant AMBER rather than RED, but lack of type-matching registry confirmation prevents GREEN.",No
Bread 41,Homepage,sourcing,"Our seeded sourdough, made with wholewheat starter and organic seed mix.","Our seeded sourdough, made with wholewheat starter and organic seed mix.",EN,0.8,Yes,Yes,Yes,Yes,Yes,,The seeded sourdough description is present on the page and includes organic ingredients.,https://bread41.ie/,bread_41.json,No,No,Yes,No,No,No,AMBER,"AMBER — specific claim (named ingredients: wholewheat starter, organic seed mix) but type-matching registry not confirmed","The claim names specific ingredients and describes a concrete product composition, meeting the specificity threshold for AMBER minimum. However, the claim includes an 'organic' assertion ('organic seed mix'), and while EU Organic certification is explicitly not confirmed, no registry supports the organic element of this claim. B Corp confirmation does not verify organic sourcing claims — it checks governance and accountability, not organic status. The specificity of the product description elevates this above RED, but absence of the relevant (organic) registry confirmation prevents GREEN.",No
Bread 41,Homepage,sourcing,Made with three malted organic grains & 3 varieties of soaked seeds and our wholemeal sourdough starter.,Made with three malted organic grains & 3 varieties of soaked seeds and our wholemeal sourdough starter.,EN,0.8,Yes,Yes,Yes,Yes,Yes,,Faithfully reflected from the product description and includes organic grains and seeds.,https://bread41.ie/,bread_41.json,No,No,Yes,No,No,No,AMBER,AMBER — Specific claim (named ingredients & method) but no TYPE-MATCHING registry confirmed; B Corp is confirmed but does not verify organic sourcing claims,"The claim names specific ingredients and a concrete production method (malted organic grains, soaked seeds, sourdough starter), meeting the specificity threshold. However, the registry evidence shows EU Organic is NOT confirmed — only B Corp is confirmed, which certifies business practices and governance, not organic ingredient sourcing. The claim requires TYPE-MATCHING verification (organic certification) to move to GREEN, which is absent.",No
Bread 41,Homepage,sourcing,The Classic. Made with organic white bread flour.,The Classic. Made with organic white bread flour.,EN,0.8,Yes,Yes,Yes,Yes,Yes,,The phrase appears in the product description and asserts the use of organic white bread flour.,https://bread41.ie/,bread_41.json,No,No,Yes,No,No,No,AMBER,AMBER - specific claim (named ingredient type) but type-matching registry not confirmed,"The claim names a specific ingredient ('organic white bread flour'), which satisfies the 'specific detail' boundary rule and prevents RED classification. However, the claim asserts organic status, and while the company holds a confirmed B Corp certification, B Corp does not verify organic certification claims — the type-matching registries (EU Organic, BIOPARTENAIRE, BioED) are not confirmed. Per the type-matching rule, a confirmed cert of a different kind does not verify this claim, so AMBER applies.",No
Bread 41,Homepage,general,"Real Bread, in its purest form, is bread made without the use of processing aids or any other artificial additives.","Real Bread, in its purest form, is bread made without the use of processing aids or any other artificial additives.",EN,0.7,Yes,Yes,Yes,Yes,Yes,,The page states this definition of Real Bread as part of the company's own bakery messaging.,https://bread41.ie/,bread_41.json,No,No,Yes,No,No,No,AMBER,AMBER - Specific claim (named action: no processing aids or artificial additives) but no type-matching registry confirmed,"The claim describes a concrete production practice (absence of processing aids and artificial additives) with sufficient specificity to avoid RED status. However, no confirmed registry covers this particular claim: B Corp certification (confirmed) does not verify food production methods or ingredient standards, and the organic and food-origin registries are all unconfirmed. The claim therefore requires independent evidence to substantiate the stated production standard.",No
Bread 41,About,sourcing,Bread 41 is an organic bakery located in Dublin 2.,Bread 41 is an organic bakery located in Dublin 2.,EN,0.9,Yes,Yes,Yes,Yes,Yes,,Directly present; 'organic bakery' is an environmental/sourcing claim made by the company.,https://bread41.ie/about/,bread_41.json,No,No,Yes,No,No,No,AMBER,"AMBER - Specific claim ('organic bakery', named location 'Dublin 2') but type-matching registry not confirmed (EU Organic not confirmed; B Corp confirmed is wrong type for organic claim)","The claim names a specific certification type (organic) and a concrete location (Dublin 2), meeting the specificity threshold. However, the registry evidence shows EU Organic is NOT confirmed, while only B Corp is confirmed—and B Corp does not verify organic status. Per the type-matching rule, a confirmed but irrelevant certification cannot serve as credibility floor for a claim about a different kind of certification. AMBER applies because the claim is specific and substantive, but lacks the matching registry confirmation needed for GREEN.",Yes
Bread 41,About,sourcing,"All our breads are hand made over two days using organic flour and other wholesome ingredients including nuts, seeds, grains and dried fruit.","All our breads are hand made over two days using organic flour and other wholesome ingredients including nuts, seeds, grains and dried fruit.",EN,0.9,Yes,Yes,Yes,Yes,Yes,,Faithful to the page text and attributes an organic ingredient claim for the company's breads.,https://bread41.ie/about/,bread_41.json,No,No,Yes,No,No,No,AMBER,"AMBER — Specific claim (named action: hand-made over two days; named ingredients: organic flour, nuts, seeds, grains, dried fruit) but type-matching registry not confirmed. B Corp certification confirmed but does not verify organic sourcing claims.","The claim names concrete actions (hand-made, two-day process) and specific ingredient types, including 'organic flour,' which requires type-matching verification. EU Organic is not confirmed for this company, and B Corp certification does not verify organic status or sourcing practices — it checks governance and social/environmental accountability generally. The specificity of the claim pushes it above RED, but absence of the relevant registry (EU Organic) prevents GREEN.",No
Bread 41,About,sourcing,"Everyday our kitchen will be serving up savoury pastry options using local , seasonal, organic where possible and always ethically sourced ingredients.","Everyday our kitchen will be serving up savoury pastry options using local, seasonal, organic where possible and always ethically sourced ingredients.",EN,0.9,Yes,Yes,Yes,Yes,Yes,,"Matches the text and contains sourcing-related environmental language about local, seasonal, organic and ethically sourced ingredients.",https://bread41.ie/about/,bread_41.json,No,No,Yes,No,No,No,AMBER,AMBER — specific commitment with named actions but no type-matching registry confirmed,"The claim names specific behavioural commitments ('local, seasonal, organic where possible, ethically sourced') and describes a concrete action ('kitchen will be serving'). This is substantive and verifiable beyond a bare tagline. However, no registry confirms the company's organic certification status, ethical sourcing standard, or local/seasonal sourcing programme — the confirmed B Corp certification does not verify sourcing claims of this type. Under STEP 2 AMBER criterion, a specific claim without type-matching registry confirmation requires evidence, placing this at AMBER.",No
Bread 41,About,sourcing,"we will be focusing on fermented foods, jams and sourcing local organic produce where we can to support local farmers and suppliers where possible.","we will be focusing on fermented foods, jams and sourcing local organic produce where we can to support local farmers and suppliers where possible.",EN,0.85,Yes,Yes,Yes,Yes,Yes,,Present in the page text as a company statement about sourcing local organic produce and supporting local farmers.,https://bread41.ie/about/,bread_41.json,No,No,Yes,No,No,No,AMBER,AMBER — specific commitment named but no type-matching registry confirmed,"The claim names specific actions (focusing on fermented foods, jams, sourcing local organic produce) and a concrete commitment (supporting local farmers and suppliers), which satisfies the 'specific detail' test and prevents RED classification. However, the claim explicitly references 'organic produce' but the EU Organic registry is not confirmed for this company — only B Corp is confirmed, which does not verify organic sourcing claims. The hedged language ('where we can', 'where possible') around a specific initiative is consistent with AMBER per Boundary Rule 3. Because a type-matching registry (EU Organic) is absent for the organic sourcing claim, this cannot be GREEN.",No
Bread 41,About,certification,In December 2023 Bread 41 became officially certified as B Corp.,In December 2023 Bread 41 became officially certified as B Corp.,EN,0.99,Yes,Yes,Yes,Yes,Yes,,Exact company certification claim; B Corp is an environmental/social certification context.,https://bread41.ie/about/,bread_41.json,No,No,Yes,No,No,No,GREEN,GREEN — specific detail + type-matching registry confirmed,"The claim names a concrete action (B Corp certification), specifies a date (December 2023), and the registry evidence confirms B Corp certification for this company. The claim meets STEP 2 GREEN criterion: specific, verifiable fact with matching registry confirmation.",No
Bread 41,About,certification,we are glad to be one of only 30 Irish companies now certified as B Corp.,we are glad to be one of only 30 Irish companies now certified as B Corp.,EN,0.99,Yes,Yes,Yes,Yes,Yes,,Faithful statement that the company is certified as B Corp.,https://bread41.ie/about/,bread_41.json,No,No,Yes,No,No,No,GREEN,GREEN - Specific claim with TYPE-MATCHING registry confirmed,"The claim names a specific certification (B Corp) and the registry evidence confirms B Corp certification for this company. The claim also includes a concrete, verifiable fact (one of only 30 Irish companies certified), which adds specificity. Since the TYPE-MATCHING registry is confirmed, this meets the GREEN criterion under STEP 2 and BOUNDARY rule 2.",No
Bread 41,About,sourcing,"Everything we bake, make or sell embodies our passion for artisan methods, organic local products where possible, and delicious food.","Everything we bake, make or sell embodies our passion for artisan methods, organic local products where possible, and delicious food.",EN,0.85,Yes,Yes,Yes,Yes,Yes,,Company claim about artisan methods and organic local products where possible.,https://bread41.ie/about/,bread_41.json,No,No,Yes,No,No,No,AMBER,AMBER — specific commitment named ('organic local products where possible') but no type-matching registry confirmed for organic status; B Corp certification does not verify organic sourcing claims,"The claim names a concrete sourcing commitment ('organic local products where possible'), which satisfies the specificity threshold and prevents RED classification. However, the company holds only B Corp certification confirmed, which does not verify organic claims — the relevant registry (EU Organic) is not confirmed. The claim therefore requires external evidence and falls under AMBER: specific but registry-type mismatch.",No
Bread 41,About,sourcing,"Our breads are hand-crafted, baked daily in the early hours of the morning using only organic flours.","Our breads are hand-crafted, baked daily in the early hours of the morning using only organic flours.",EN,0.9,Yes,Yes,Yes,Yes,Yes,,Direct claim that the breads are made using only organic flours.,https://bread41.ie/about/,bread_41.json,No,No,Yes,No,No,No,AMBER,"AMBER - specific claim (named action: hand-crafted, baked daily, named input: organic flours) but type-mismatched registry confirmed (B Corp confirmed, but EU Organic not confirmed for the organic flour claim)","The claim names a concrete action (hand-crafted, daily baking) and a specific input material (organic flours), meeting the specificity threshold for at least AMBER. However, the registry evidence shows B Corp is confirmed — a social/governance certification that does not verify organic sourcing claims — while EU Organic, the relevant registry for an organic flour assertion, is not confirmed. Type-matching registry failure means this specific claim cannot be upgraded to GREEN, despite the company holding a confirmed certification of a different kind.",No
Bread 41,About,general,"We believe that as we strive to become a sustainable business, we have the potential to make a significant contribution towards our community from a social, economic and environmental perspective.","We believe that as we strive to become a sustainable business, we have the potential to make a significant contribution towards our community from a social, economic and environmental perspective.",EN,0.75,Yes,Yes,Yes,Yes,Yes,,Present and company-attributed sustainability aspiration with environmental perspective.,https://bread41.ie/about/,bread_41.json,No,No,Yes,No,No,No,AMBER,"AMBER - vague aspiration with no specific action/metric, but company holds confirmed certification (B Corp) providing credibility floor","The claim describes a general aspiration ('strive to become', 'have the potential') without naming any concrete action, metric, measurable commitment, or verifiable initiative. Under STEP 2 AMBER criterion 2, vague language combined with a CONFIRMED certification of relevant type (B Corp certifies social/economic/environmental governance) applies a credibility floor — the company is independently verified for considering these domains — so the claim upgrades from RED to AMBER rather than remaining unsubstantiated. This is not GREEN because B Corp certification does not specifically verify an environmental performance claim in the way that EU Organic or EMAS would; it confirms the company's governance structure and stakeholder commitment, but does not validate the particular environmental contribution described.",No
Bread 41,About,general,doing the best for the local community – in terms of engaging with local people as well as doing the best for the environment and job opportunities in inner city Dublin.,doing the best for the local community – in terms of engaging with local people as well as doing the best for the environment and job opportunities in inner city Dublin.,EN,0.7,Yes,Yes,Yes,Yes,Yes,,Faithful company statement referencing doing the best for the environment in Dublin.,https://bread41.ie/about/,bread_41.json,No,No,Yes,No,No,No,AMBER,"AMBER - specific commitment named, but registry confirmed (B Corp) does not type-match the environmental/community claim","The claim describes a concrete commitment to local community engagement and environmental action in Dublin, naming specific areas (job opportunities, inner city location). This specificity prevents RED classification. However, the confirmed B Corp certification verifies overall social/environmental governance, not the specific environmental performance or local community outcomes asserted here. The claim requires evidence of these particular environmental and community actions beyond B Corp's general scope.",No
Bread 41,About,general,To being a positive contributor to the environment,To being a positive contributor to the environment,EN,0.75,Yes,Yes,Yes,Yes,Yes,,Company value statement about being a positive contributor to the environment.,https://bread41.ie/about/,bread_41.json,No,No,Yes,No,No,No,AMBER,"AMBER — vague aspiration/commitment with some behavioural substance, but no type-matching registry confirmed","The claim 'To being a positive contributor to the environment' names an aspiration and behavioural intent ('contributor') but lacks specific metrics, named actions, or dates. Although B Corp is confirmed, B Corp certification does not specifically verify environmental contribution claims in the way that EMAS, EU Organic, or similar environmental schemes do — it is not type-matching. The claim is substantive enough to avoid RED (it names an intent beyond a bare buzzword), but lacks either specificity or a matching registry, placing it in AMBER.",Yes
Bread 41,About,waste,To setting and achieving recycling targets,To setting and achieving recycling targets,EN,0.85,Yes,Yes,Yes,Yes,Yes,,Company commitment to recycling targets; clearly environmental.,https://bread41.ie/about/,bread_41.json,No,No,Yes,No,No,No,AMBER,AMBER - specific commitment named but no type-matching registry confirmed,"The claim names a specific action ('setting and achieving recycling targets'), which satisfies BOUNDARY rule 1 (specific detail present → minimum AMBER). However, the confirmed registry (B Corp) does not type-match a waste/recycling claim — B Corp certifies overall social and environmental governance, not waste management specifically. The waste-relevant registries (EMAS) are not confirmed. Per STEP 2 GREEN/AMBER boundary rule 2, a specific claim without the matching registry confirmed stays at AMBER.",No
Bread 41,About,carbon,To improving energy efficiency,To improving energy efficiency,EN,0.8,Yes,Yes,Yes,Yes,Yes,,Company commitment to improving energy efficiency.,https://bread41.ie/about/,bread_41.json,No,No,Yes,No,No,No,AMBER,AMBER - specific commitment named but no type-matching registry confirmed,"The claim names a specific environmental action ('improving energy efficiency') which satisfies the 'some behaviour named' threshold under BOUNDARY rule 2. However, the confirmed registry (B Corp) does not specifically verify carbon/energy efficiency claims — B Corp assesses overall social and environmental performance across multiple dimensions, not energy efficiency as a standalone certification. The claim therefore requires supporting evidence beyond the confirmed but non-matching certification, placing it in AMBER rather than GREEN.",No
Bread 41,About,carbon,To determining and implementing effective carbon reduction strategies,To determining and implementing effective carbon reduction strategies,EN,0.9,Yes,Yes,Yes,Yes,Yes,,Direct company commitment to carbon reduction strategies.,https://bread41.ie/about/,bread_41.json,No,No,Yes,No,No,No,AMBER,AMBER - specific commitment named but no type-matching registry confirmed,"The claim names a specific action ('determining and implementing effective carbon reduction strategies') rather than a bare tagline, satisfying BOUNDARY rule 1. However, while B Corp is confirmed, it is not the type-matching registry for carbon reduction claims — B Corp certification addresses broader corporate governance and social/environmental impact, not carbon-specific strategies. The claim therefore falls under AMBER: specific but the confirmed registry does not verify this particular environmental performance claim.",No
Bread 41,About,carbon,To utilising energy efficient equipment and practices,To utilising energy efficient equipment and practices,EN,0.85,Yes,Yes,Yes,Yes,Yes,,Company commitment to using energy efficient equipment and practices.,https://bread41.ie/about/,bread_41.json,No,No,Yes,No,No,No,AMBER,AMBER — Specific action named ('energy efficient equipment and practices') but no type-matching registry confirmed; B Corp certification confirmed but does not verify carbon/energy efficiency claims,"The claim names a concrete environmental behaviour (use of energy-efficient equipment and practices), satisfying BOUNDARY rule 1 (specific detail present). However, the only confirmed registry is B Corp, which assesses overall social and environmental governance, not specifically carbon or energy efficiency performance. The type-matching registry for a carbon/energy claim (such as EMAS or a carbon standard) is not confirmed. Per GREEN/AMBER boundary rule 2, a specific claim requires a TYPE-MATCHING registry to be GREEN; absence of that matching confirmation, despite another certification being held, places this in AMBER.",No
Bread 41,About,carbon,Bread 41 recognises the importance of our environment and strives to reduce wastage and our carbon footprint through a variety of measures.,Bread 41 recognises the importance of our environment and strives to reduce wastage and our carbon footprint through a variety of measures.,EN,0.85,Yes,Yes,Yes,Yes,Yes,,Present in the text as a company statement about reducing wastage and carbon footprint.,https://bread41.ie/about/,bread_41.json,No,No,Yes,No,No,No,AMBER,AMBER — specific commitment named but no type-matching registry confirmed; B Corp certification does not verify carbon reduction claims,"The claim names concrete actions ('reduce wastage and carbon footprint through a variety of measures') that are specific enough to escape RED, but the company holds only a confirmed B Corp certification, which does not specifically verify carbon or waste reduction claims in the way EMAS or equivalent environmental registries do. Registry-type matching is required — B Corp confirmation does not credibly anchor a carbon/waste commitment claim, so this defaults to AMBER pending independent evidence of the stated measures.",No
Bread 41,About,waste,"Within the bakery, we have a waste reduction programme which involves recycling all possible office materials.","Within the bakery, we have a waste reduction programme which involves recycling all possible office materials.",EN,0.9,Yes,Yes,Yes,Yes,Yes,,Faithful company description of a waste reduction and recycling programme.,https://bread41.ie/about/,bread_41.json,No,No,Yes,No,No,No,AMBER,"AMBER - specific action named, but no type-matching registry confirmed","The claim names a concrete, verifiable action: a waste reduction programme with specific behaviour (recycling office materials). This satisfies STEP 2 criterion for AMBER ('Claim is SPECIFIC...BUT no registry is confirmed for this company, OR the confirmed registry doesn't match the type of claim being made'). B Corp certification is confirmed, but B Corp does not specifically verify waste management or recycling claims in the way EMAS does; therefore the confirmed registry is not type-matching for this environmental performance claim. The specificity of the action prevents RED, and the absence of a matching registry prevents GREEN.",No
Bread 41,About,carbon,We seek to reduce our carbon footprint and road miles where possible.,We seek to reduce our carbon footprint and road miles where possible.,EN,0.9,Yes,Yes,Yes,Yes,Yes,,Direct company statement about reducing carbon footprint and road miles.,https://bread41.ie/about/,bread_41.json,No,No,Yes,No,No,No,AMBER,AMBER - specific commitment named but no type-matching registry confirmed; vague hedging language ('where possible') around a concrete initiative,"The claim names a specific action (reduce carbon footprint and road miles) with a commitment structure, which satisfies BOUNDARY rule 1 (specific detail present). However, no carbon-specific or environmental management registry is confirmed for this company — B Corp certification is confirmed but does not specifically verify carbon reduction claims. Under STEP 2 AMBER criterion, a specific but unverified claim without a matching registry receives AMBER. The hedged language ('where possible') does not downgrade this to RED because a concrete behavioural commitment is still named.",No
Bread 41,About,carbon,"Furthermore, we are a renewable energy site and we have installed high performance low energy ovens which further reduce energy consumption.","Furthermore, we are a renewable energy site and we have installed high performance low energy ovens which further reduce energy consumption.",EN,0.95,Yes,Yes,Yes,Yes,Yes,,Company claim about being a renewable energy site and using low energy ovens.,https://bread41.ie/about/,bread_41.json,No,No,Yes,No,No,No,GREEN,"GREEN - STEP 2: Concrete, verifiable facts (named actions: renewable energy site, high-performance low-energy ovens installed) with type-matching registry confirmed (B Corp certifies environmental and social performance including energy practices)","The claim names specific, already-completed actions (renewable energy site status, installation of high-performance low-energy ovens) that are concrete and verifiable—not aspirational. B Corp certification, though not exclusively an energy/carbon scheme, does verify environmental performance claims including energy efficiency and renewable energy practices as part of its broader ESG framework, making it type-matching for this carbon/energy claim. The specificity of the named actions combined with confirmed B Corp status satisfies the GREEN threshold.",Yes
Bread 41,About,waste,We are a single use cup bakery in that if you wish to order a coffee to go you will need to bring your own cup since February 2023.,We are a single use cup bakery in that if you wish to order a coffee to go you will need to bring your own cup since February 2023.,EN,0.95,Yes,Yes,Yes,Yes,Yes,,Present in the page text; the bring-your-own-cup policy is a waste-reduction claim.,https://bread41.ie/about/,bread_41.json,No,No,Yes,No,No,No,GREEN,"GREEN — concrete, verifiable fact with named action and date","The claim states a specific, verifiable action already implemented (no single-use cups accepted; customers must bring their own) with a named date (February 2023). This is a concrete behavioural commitment, not a vague aspiration. Although B Corp certification is confirmed (not a direct waste-management registry match), the claim itself requires no external certification to be verified — it is a factual statement about company practice (what cups are accepted, since when) that is independently checkable and needs no registry backing. The company describes its own operational policy, which is a concrete fact meeting the GREEN criterion.",No
Bread 41,About,waste,"In 2023 we prevented over 34,000 cups going to landfill.","In 2023 we prevented over 34,000 cups going to landfill.",EN,0.99,Yes,Yes,Yes,Yes,Yes,,Direct waste-diversion claim about cups going to landfill.,https://bread41.ie/about/,bread_41.json,No,No,Yes,No,No,No,GREEN,"GREEN - STEP 2: Concrete, verifiable fact (specific metric, action, and date) with credibility floor from confirmed certification","The claim states a specific, measurable outcome ('over 34,000 cups') achieved in a named year (2023), which is a concrete, verifiable fact meeting the GREEN threshold. Although B Corp certification does not directly verify waste-diversion claims, the company holds a confirmed independent certification that establishes a general credibility floor for environmental performance statements. The specificity of the metric and date places this well above vague marketing language.",No
Bread 41,About,general,Bread 41 and its employees work hard to deliver the best service to the community whilst practicing environmentally friendly procedures.,Bread 41 and its employees work hard to deliver the best service to the community whilst practicing environmentally friendly procedures.,EN,0.75,Yes,Yes,Yes,Yes,Yes,,Company statement about practicing environmentally friendly procedures.,https://bread41.ie/about/,bread_41.json,No,No,Yes,No,No,No,AMBER,"AMBER - vague but substantive claim; specific action named ('practicing environmentally friendly procedures') but no concrete metric, detail, or type-matching registry confirmed","The claim names a behaviour (environmentally friendly procedures) and identifies a commitment ('work hard to deliver'), but provides no measurable detail, named initiative, or concrete action. Although B Corp certification is confirmed, it does not type-match environmental procedure claims and does not verify the substance of this assertion. The vagueness and lack of specificity prevent GREEN; the presence of a named (if undetailed) action prevents RED.",No
Bread 41,About,sourcing,"This is our shoutout to the growers, millers, roasters, juicers, suppliers and importers who keep us stocked up with delicious and sustainable products.","This is our shoutout to the growers, millers, roasters, juicers, suppliers and importers who keep us stocked up with delicious and sustainable products.",EN,0.75,Yes,Yes,Yes,Yes,Yes,,Company shoutout referring to sustainable products from suppliers.,https://bread41.ie/about/,bread_41.json,No,No,Yes,No,No,No,AMBER,AMBER - Specific action named (named supplier categories and commitment to stock sustainable products) but no TYPE-MATCHING registry confirmed; B Corp confirmed is not a sourcing/sustainability certification scheme that verifies product sourcing claims,"The claim names a concrete commitment: the company sources from named categories of suppliers (growers, millers, roasters, etc.) and describes them as providing 'sustainable products.' This is specific enough to avoid RED, but the only confirmed registry is B Corp, which is a corporate governance and impact certification, not a sourcing or product sustainability scheme. The claim therefore requires sourcing/sustainability evidence beyond what B Corp verifies, placing it in AMBER.",No
Bread 41,About,sourcing,it helps us drive the 'farm-to-fork' concept through milling fresh grain onsite into flour to be used onsite in our bakery.,it helps us drive the 'farm-to-fork' concept through milling fresh grain onsite into flour to be used onsite in our bakery.,EN,0.8,Yes,Yes,Yes,Yes,Yes,,Faithful company claim describing a farm-to-fork concept through onsite milling.,https://bread41.ie/about/,bread_41.json,No,No,Yes,No,No,No,AMBER,"AMBER - specific action named (farm-to-fork, milling grain onsite, bakery use) but no type-matching registry confirmed","The claim describes a concrete, verifiable operational practice (milling fresh grain onsite into flour for onsite bakery use), which meets the specificity threshold for AMBER minimum. However, the confirmed registry (B Corp) does not verify sourcing or milling practices specifically — it is a social/governance certification, not one that type-matches a farm-to-fork supply-chain claim. No sourcing-relevant registry (EU Organic, Bord Bia, BIOPARTENAIRE, BioED, EMAS) is confirmed, so the claim cannot reach GREEN. AMBER is the correct classification: specific behaviour named, but no matching independent verification.",No
Bread 41,Sustainability,certification,Bread 41 is super excited to talk about engaging in the B Corp Initiative.,Bread 41 is super excited to talk about engaging in the B Corp Initiative.,EN,0.95,Yes,Yes,Yes,Yes,Yes,,The page states Bread 41 is now B Corp certified and discusses the B Corp initiative.,https://bread41.ie/bread-41-now-bcorp-certified/,bread_41.json,No,No,Yes,No,No,No,GREEN,GREEN — specific certification named AND type-matching registry confirmed,"The claim names the B Corp Initiative as a specific certification/programme, and the registry confirms B Corp certification is held by this company. The claim references a named, verifiable public programme with confirmed registry evidence matching the type of claim being made, meeting the GREEN criterion for participation in a named programme with confirmed registry status.",No
Bread 41,Sustainability,general,We as a business have always been focused on sustainability but we needed a framework and a model to follow to ensure that the business model we follow is predicated on more than pure shareholder return.,We as a business have always been focused on sustainability but we needed a framework and a model to follow to ensure that the business model we follow is predicated on more than pure shareholder return.,EN,0.8,Yes,Yes,Yes,Yes,Yes,,The company says it has always been focused on sustainability and uses a framework for its business model.,https://bread41.ie/bread-41-now-bcorp-certified/,bread_41.json,No,No,Yes,No,No,No,GREEN,GREEN - factual company history and structure statement with B Corp confirmation,"The claim describes the company's founding philosophy and business structure ('focused on sustainability', 'needed a framework and model', 'business model predicated on more than pure shareholder return') — factual background about the company's stated purpose and governance approach, not an environmental performance claim requiring independent verification. B Corp certification confirms the company's commitment to stakeholder governance and social/environmental responsibility, which directly validates this type of statement about business model and values orientation. No environmental performance metric or concrete action is being asserted, so this is not a claim that needs type-matching registry support in the traditional sense — it is a documented corporate statement backed by a relevant, confirmed certification.",No
Bread 41,Sustainability,general,through going through this B Corp journey and taking into consideration our impact on society and the environment at large we have had to make difficult decisions however in the main any decision that we have taken to improve our environmental footprint has in reality saved the business considerable amounts of money.,through going through this B Corp journey and taking into consideration our impact on society and the environment at large we have had to make difficult decisions however in the main any decision that we have taken to improve our environmental footprint has in reality saved the business considerable amounts of money.,EN,0.85,Yes,Yes,Yes,Yes,Yes,,This matches the company's discussion of reducing environmental footprint and saving money.,https://bread41.ie/bread-41-now-bcorp-certified/,bread_41.json,No,No,Yes,No,No,No,GREEN,"GREEN — Concrete, verifiable action + TYPE-MATCHING registry confirmed (B Corp)","The claim names a specific, verifiable action ('B Corp journey'), describes concrete decision-making tied to environmental footprint improvement, and states a measurable outcome (cost savings). B Corp certification is confirmed for this company, and B Corp assessment includes social and environmental impact evaluation, making it the type-matching registry for this claim. The claim therefore meets the GREEN threshold: specific behaviour + matching registry confirmation.",Yes
Bread 41,Sustainability,waste,"Examples being; considerable bin reduction, a bio-digester for our excess food waste, creating zero waste products to repurpose surplus food and scrap pastry, removing baking paper and many others.","Examples being; considerable bin reduction, a bio-digester for our excess food waste, creating zero waste products to repurpose surplus food and scrap pastry, removing baking paper and many others.",EN,0.95,Yes,Yes,Yes,Yes,Yes,,"The text lists waste-reduction examples including bin reduction, a bio-digester, and zero-waste products.",https://bread41.ie/bread-41-now-bcorp-certified/,bread_41.json,No,No,Yes,No,No,No,GREEN,"GREEN - STEP 2: Concrete, verifiable facts (named actions already taken) with type-matching registry confirmed","The claim lists specific, named waste-reduction actions already implemented (bin reduction, bio-digester, zero waste products, baking paper removal), not aspirations or vague commitments. B Corp certification is confirmed for this company and covers environmental and social responsibility practices including waste management. The claim describes concrete company behaviour verified by a relevant independent registry.",No
Bread 41,Sustainability,general,"We ""want everyone to get back to eating real bread and to appreciate real hand crafted pastries, amazing seasonal food and to drive exceptional hospitality in a sustainable way.""","We ""want everyone to get back to eating real bread and to appreciate real hand crafted pastries, amazing seasonal food and to drive exceptional hospitality in a sustainable way.""",EN,0.75,Yes,Yes,Yes,Yes,Yes,,The vision statement explicitly says to drive hospitality in a sustainable way.,https://bread41.ie/bread-41-now-bcorp-certified/,bread_41.json,No,No,Yes,No,No,No,AMBER,"AMBER — vague commitment with no specific metric or action, but company holds confirmed certification (B Corp) in a related domain; credibility floor applies","The claim describes an aspirational commitment ('want everyone to get back to eating real bread...drive exceptional hospitality in a sustainable way') with no concrete metric, named action, date, or measurable outcome. While 'sustainable way' is vague marketing language, the sentence contains a real behavioural commitment (hospitality conducted sustainably) rather than a bare tagline. The company holds a confirmed B Corp certification, which provides independent verification of social/environmental accountability, creating a credibility floor that elevates this vague aspiration from RED to AMBER. However, B Corp does not specifically verify food sourcing or sustainability practices claimed here, so GREEN does not apply.",Yes
Bread 41,Sustainability,sourcing,"Everything we bake, make or sell embodies our passion for artisan methods, organic local products where possible, and delicious food.","Everything we bake, make or sell embodies our passion for artisan methods, organic local products where possible, and delicious food.",EN,0.85,Yes,Yes,Yes,Yes,Yes,,The company says its products embody a passion for artisan methods and organic local products where possible.,https://bread41.ie/bread-41-now-bcorp-certified/,bread_41.json,No,No,Yes,No,No,No,AMBER,AMBER - specific commitment named but relevant registry not confirmed; B Corp confirmed but does not verify organic/sourcing claims,"The claim names a specific behaviour ('organic local products where possible') which moves it above RED; however, the company holds a confirmed B Corp certification, which does not verify organic status or sustainable sourcing claims — those require EU Organic, BIOPARTENAIRE, or similar. Since the type-matching registry for the organic claim is not confirmed, AMBER applies as the appropriate credibility floor for a specific but unverified commitment.",No
Bread 41,Sustainability,sourcing,"Our breads are hand-crafted, baked daily in the early hours of the morning using only organic flours.","Our breads are hand-crafted, baked daily in the early hours of the morning using only organic flours.",EN,0.95,Yes,Yes,Yes,Yes,Yes,,The page says the breads are baked using only organic flours.,https://bread41.ie/bread-41-now-bcorp-certified/,bread_41.json,No,No,Yes,No,No,No,AMBER,"AMBER - specific claim (named action: hand-crafted, daily baking, organic flours) but type-matching registry not confirmed","The claim names a specific behaviour (hand-crafting, daily baking) and asserts use of organic flours, which is a concrete detail. However, the registry evidence shows that EU Organic certification — the type-matching registry for an organic sourcing claim — is NOT confirmed. B Corp certification, though confirmed, does not verify organic status; it checks different ESG criteria. Since the claim is specific but lacks confirmation from the relevant registry type, AMBER applies.",No
Bread 41,Sustainability,sourcing,Bread 41 has been baking with organic grains since our very first loaf in 2018.,Bread 41 has been baking with organic grains since our very first loaf in 2018.,EN,0.95,Yes,Yes,Yes,Yes,Yes,,The company states it has been baking with organic grains since its first loaf in 2018.,https://bread41.ie/bread-41-now-bcorp-certified/,bread_41.json,No,No,Yes,No,No,No,AMBER,"AMBER - specific claim (named action: 'baking with organic grains since 2018') but type-matching registry not confirmed (B Corp confirmed, but EU Organic not confirmed)","The claim names a concrete action (use of organic grains from a specific date) and includes a verifiable fact (founding year 2018), which satisfies the specificity threshold for at least AMBER. However, the claim asserts organic sourcing, which requires EU Organic (or equivalent organic-specific certification) confirmation to reach GREEN. The company holds a confirmed B Corp certification, but B Corp does not verify organic status — it is a different certification type that checks different standards. Without the type-matching organic registry confirmed, the specific organic claim remains unverified by independent certification, placing it at AMBER.",No
Bread 41,Sustainability,sourcing,We believe that organic food production is the right choice for people from an individuals health perspective while also being the best option for the planet and the suppliers we work with.,We believe that organic food production is the right choice for people from an individuals health perspective while also being the best option for the planet and the suppliers we work with.,EN,0.9,Yes,Yes,Yes,Yes,Yes,,This is a company claim that organic food production is best for the planet and suppliers.,https://bread41.ie/bread-41-now-bcorp-certified/,bread_41.json,No,No,Yes,No,No,No,AMBER,"AMBER - STEP 2 criterion: vague but substantive claim (behaviour named: organic food production choice, supplier focus) with no TYPE-MATCHING registry confirmed (B Corp confirmed but does not verify organic sourcing claims)","The claim asserts a commitment to organic food production and supplier relationships, naming actual behaviour and values, but uses unquantified language ('we believe', 'right choice', 'best option'). Critically, the confirmed registry (B Corp) does not verify organic certification or sourcing claims—only the unconfirmed EU Organic, BIOPARTENAIRE, and BioED registries would. Under the type-matching rule, a confirmed but unrelated certification does not elevate this to GREEN, and the vague but substantive nature of the commitment (not a bare tagline) prevents RED classification.",No
Bread 41,Sustainability,sourcing,We are committed to working closer with Irish farmers moving forward to procure more Organic Irish grains.,We are committed to working closer with Irish farmers moving forward to procure more Organic Irish grains.,EN,0.9,Yes,Yes,Yes,Yes,Yes,,The company commits to working with Irish farmers to procure more organic Irish grains.,https://bread41.ie/bread-41-now-bcorp-certified/,bread_41.json,No,No,Yes,No,No,No,AMBER,"AMBER - specific commitment with future action named, but no type-matching registry confirmed","The claim names a specific future action ('working closer with Irish farmers...to procure more Organic Irish grains') and references organic status, which is a concrete commitment rather than bare marketing language. However, the only confirmed certification is B Corp, which does not verify organic sourcing claims — EU Organic, the relevant registry type, is not confirmed for this company. Under STEP 2 AMBER criterion, a specific claim without the type-matching registry confirmed remains AMBER.",No
Bread 41,Sustainability,general,To being a positive contributor to the environment,To being a positive contributor to the environment,EN,0.75,Yes,Yes,Yes,Yes,Yes,,The statement is a company commitment to be a positive contributor to the environment.,https://bread41.ie/bread-41-now-bcorp-certified/,bread_41.json,No,No,Yes,No,No,No,AMBER,"AMBER - vague aspiration/commitment with no specific detail, but company holds confirmed B Corp certification (credibility floor applies)","The claim 'To being a positive contributor to the environment' names a commitment but contains no specific action, metric, date, or named initiative — it is aspirational and generic. However, the company holds a confirmed B Corp certification, which establishes a credibility floor for environmental and social responsibility claims. Under STEP 2 AMBER criterion 3, vague language combined with a confirmed relevant certification receives AMBER rather than RED.",No
Bread 41,Sustainability,waste,To setting and achieving recycling targets,To setting and achieving recycling targets,EN,0.85,Yes,Yes,Yes,Yes,Yes,,The page says they are setting and achieving recycling targets.,https://bread41.ie/bread-41-now-bcorp-certified/,bread_41.json,No,No,Yes,No,No,No,AMBER,"AMBER — specific commitment named, but confirmed registry (B Corp) does not type-match waste/recycling claims","The claim names a concrete action ('setting and achieving recycling targets'), which satisfies the specificity test and prevents RED classification. However, B Corp certification covers social and governance practices, not waste management or recycling performance specifically. The waste-relevant registries (EMAS, EU Organic) are not confirmed, so the type-matching registry needed to verify this recycling claim is absent. This places the claim in AMBER: specific but unverified by a relevant third party.",No
Bread 41,Sustainability,carbon,To improving energy efficiency,To improving energy efficiency,EN,0.85,Yes,Yes,Yes,Yes,Yes,,The company commits to improving energy efficiency.,https://bread41.ie/bread-41-now-bcorp-certified/,bread_41.json,No,No,Yes,No,No,No,AMBER,AMBER - specific commitment named but no type-matching registry confirmed,"The claim names a specific environmental action ('improving energy efficiency') which is a concrete commitment beyond bare buzzwords, satisfying BOUNDARY rule 1. However, no registry confirmed for this company matches carbon/energy efficiency claims — B Corp certification covers broader ESG/social governance matters, not energy performance verification. Per STEP 2 AMBER criterion, a specific claim without a type-matching confirmed registry requires evidence and receives AMBER.",No
Bread 41,Sustainability,carbon,To determining and implementing effective carbon reduction strategies,To determining and implementing effective carbon reduction strategies,EN,0.9,Yes,Yes,Yes,Yes,Yes,,The page includes a commitment to implementing effective carbon reduction strategies.,https://bread41.ie/bread-41-now-bcorp-certified/,bread_41.json,No,No,Yes,No,No,No,AMBER,AMBER — specific commitment named but no type-matching registry confirmed,"The claim names a concrete action ('determining and implementing effective carbon reduction strategies') that is specific enough to avoid RED, but the company holds only a B Corp certification, which does not verify carbon reduction claims specifically. Carbon performance requires environmental/climate-focused independent verification (EMAS or equivalent); B Corp certification covers broader ESG governance and does not serve as type-matching proof for a carbon-specific commitment. AMBER applies because the claim has substance and specificity, but lacks the relevant registry confirmation.",No
Bread 41,Sustainability,carbon,To utilising energy efficient equipment and practices,To utilising energy efficient equipment and practices,EN,0.85,Yes,Yes,Yes,Yes,Yes,,The company says it will use energy efficient equipment and practices.,https://bread41.ie/bread-41-now-bcorp-certified/,bread_41.json,No,No,Yes,No,No,No,AMBER,AMBER - specific action named but no type-matching registry confirmed,"The claim names a concrete action ('utilising energy efficient equipment and practices') with some behavioural specificity, placing it above a bare tagline. However, the confirmed registry (B Corp) does not specifically verify carbon/energy efficiency claims — B Corp assesses overall social and environmental performance across multiple dimensions. Since no carbon- or energy-specific registry (such as EMAS) is confirmed for this company, the claim qualifies as AMBER: specific enough to avoid RED, but lacking the type-matching independent verification needed for GREEN.",No
Bread 41,Sustainability,carbon,Bread 41 recognises the importance of our environment and strives to reduce wastage and our carbon footprint through a variety of measures.,Bread 41 recognises the importance of our environment and strives to reduce wastage and our carbon footprint through a variety of measures.,EN,0.85,Yes,Yes,Yes,Yes,Yes,,The company states it strives to reduce wastage and its carbon footprint.,https://bread41.ie/bread-41-now-bcorp-certified/,bread_41.json,No,No,Yes,No,No,No,AMBER,AMBER — STEP 2: specific action named ('reduce wastage and carbon footprint through a variety of measures') but no TYPE-MATCHING registry confirmed; B Corp is confirmed but does not verify carbon/waste reduction claims specifically,"The claim names concrete environmental actions (waste reduction, carbon footprint reduction) rather than a bare tagline, satisfying BOUNDARY rule 1 (specific detail present). However, the only confirmed registry is B Corp, which certifies overall social and environmental governance but does not provide specific verification of carbon or waste metrics. This mismatch between claim type and confirmed registry means the claim lacks the type-matching independent verification required for GREEN, placing it in AMBER pending supporting evidence.",No
Bread 41,Sustainability,waste,"Within the bakery, we have a waste reduction programme which involves recycling all possible office materials.","Within the bakery, we have a waste reduction programme which involves recycling all possible office materials.",EN,0.9,Yes,Yes,Yes,Yes,Yes,,This matches the waste reduction programme involving recycling office materials.,https://bread41.ie/bread-41-now-bcorp-certified/,bread_41.json,No,No,Yes,No,No,No,AMBER,"AMBER — specific action named, but no type-matching registry confirmed","The claim names a concrete, verifiable action: a waste reduction programme involving recycling of office materials. This specificity moves it above RED (pure tagline). However, the only confirmed registry is B Corp, which does not specifically verify waste reduction or recycling claims — it certifies overall social and environmental performance against a different standard. Because the type-matching registry (e.g. EMAS, which covers environmental management including waste) is not confirmed, the claim cannot reach GREEN; AMBER is correct.",No
Bread 41,Sustainability,carbon,We seek to reduce our carbon footprint and road miles where possible.,We seek to reduce our carbon footprint and road miles where possible.,EN,0.9,Yes,Yes,Yes,Yes,Yes,,The company says it seeks to reduce its carbon footprint and road miles where possible.,https://bread41.ie/bread-41-now-bcorp-certified/,bread_41.json,No,No,Yes,No,No,No,AMBER,AMBER - specific commitment named but no type-matching registry confirmed,"The claim names a concrete commitment (reduce carbon footprint and road miles) with hedged language ('seek to', 'where possible'), which constitutes a named action beyond a bare tagline. Although B Corp certification is confirmed, it does not specifically verify carbon reduction claims — the type-matching registry (EMAS) is not confirmed. Per STEP 2 AMBER criterion and BOUNDARY rule 2, a specific behaviour paired with absence of a type-matching registry yields AMBER.",No
Bread 41,Sustainability,carbon,"Furthermore, we are a renewable energy site and we have installed high performance low energy ovens which further reduce energy consumption.","Furthermore, we are a renewable energy site and we have installed high performance low energy ovens which further reduce energy consumption.",EN,0.95,Yes,Yes,Yes,Yes,Yes,,The page claims the bakery is a renewable energy site and uses low energy ovens.,https://bread41.ie/bread-41-now-bcorp-certified/,bread_41.json,No,No,Yes,No,No,No,GREEN,"GREEN - specific, concrete actions named; B Corp confirmed provides credibility floor for carbon/energy claims","The claim names two specific, verifiable actions: installation of a renewable energy site and deployment of high-performance low-energy ovens. These are concrete behavioural commitments with measurable outcomes (energy reduction), not vague assertions. The company holds a confirmed B Corp certification, which covers environmental and social performance broadly and provides independent verification of the company's commitment to measurable sustainability practices, including energy efficiency. The specificity of the claim combined with the confirmed relevant certification meets the GREEN standard.",No
Bread 41,Sustainability,general,Bread 41 and its employees work hard to deliver the best service to the community whilst practicing environmentally friendly procedures.,Bread 41 and its employees work hard to deliver the best service to the community whilst practicing environmentally friendly procedures.,EN,0.75,Yes,Yes,Yes,Yes,Yes,,The statement says the company practices environmentally friendly procedures.,https://bread41.ie/bread-41-now-bcorp-certified/,bread_41.json,No,No,Yes,No,No,No,AMBER,"AMBER - vague but substantive behaviour claimed, company holds confirmed (but non-matching) registry","The claim names a behaviour ('practicing environmentally friendly procedures') without specifics, metrics, or named actions — making it vague. However, it is substantive (not a bare tagline like 'eco-friendly' alone) and the company is confirmed in B Corp, which provides a credibility floor under STEP 2 / AMBER rule. The B Corp certification does not match the type of environmental performance claim here (it is a social/governance standard, not environmental verification), so it does not elevate the claim to GREEN; AMBER is correct.",No
Bread 41,Sustainability,sourcing,"This is our shoutout to the growers, millers, roasters, juicers, suppliers and importers who keep us stocked up with delicious and sustainable products: Seasonal vegetables from McNallys Farm, Co Dublin, all milk from The Village Dairy, Co Meath Dairy, all of our flour is from Shipton Mill, sausage meat is from Pigs on the Green, Co Meath, eggs are from North Wicklow Eggs, Fresh fruit from Malone Fruit Farm.","This is our shoutout to the growers, millers, roasters, juicers, suppliers and importers who keep us stocked up with delicious and sustainable products: Seasonal vegetables from McNallys Farm, Co Dublin, all milk from The Village Dairy, Co Meath Dairy, all of our flour is from Shipton Mill, sausage meat is from Pigs on the Green, Co Meath, eggs are from North Wicklow Eggs, Fresh fruit from Malone Fruit Farm.",EN,0.9,Yes,Yes,Yes,Yes,Yes,,The supplier section describes sustainable products and lists local suppliers and farm sources.,https://bread41.ie/bread-41-now-bcorp-certified/,bread_41.json,No,No,Yes,No,No,No,GREEN,"GREEN - STEP 2: concrete, verifiable facts (named suppliers, specific locations, measurable sourcing actions) with company holding confirmed relevant certification","The claim names specific, verifiable suppliers with geographic locations (McNallys Farm Co Dublin, The Village Dairy Co Meath, Shipton Mill, etc.) and describes a concrete sourcing practice — named-supplier procurement — which is a factual company action that can be independently verified. The company holds a confirmed B Corp certification, which is a relevant third-party verification of responsible sourcing practices and supply chain governance. This combination of concrete verifiable fact plus matching independent certification meets the GREEN threshold under STEP 2 criteria.",No
Bread 41,Products,sourcing,"We make organic bread and pastries, and our breads are hand-crafted, baked daily in the early hours of the morning with sourced organic flours.","We make organic bread and pastries, and our breads are hand-crafted, baked daily in the early hours of the morning with sourced organic flours.",EN,0.9,Yes,Yes,Yes,Yes,Yes,,Matches the page text and makes an attributable product claim about organic ingredients and sourcing.,https://bread41.ie/bread_41_wholesale/,bread_41.json,No,No,Yes,No,No,No,AMBER,"AMBER — Specific claim (named action: hand-crafted, daily baking, sourced organic flours) but type-matching registry not confirmed","The claim asserts concrete details (hand-crafted, daily baking in early hours, organic sourcing) that are specific and verifiable. However, the claim depends on verification of organic status, and the registry evidence shows EU Organic (the type-matching certification for organic claims) is NOT confirmed. B Corp certification, though confirmed, does not verify organic product claims — it checks governance and social/environmental impact management, not ingredient or production standards. The specificity of the claim qualifies it for at minimum AMBER, but without the relevant organic certification confirmed, it cannot reach GREEN.",No
Bread 41,Products,sourcing,"Our recipes are traditional century-old recipes using natural ingredients with locally sourced organic flour, some of which is milled on site at our bakery, Bread 41.","Our recipes are traditional century-old recipes using natural ingredients with locally sourced organic flour, some of which is milled on site at our bakery, Bread 41.",EN,0.9,Yes,Yes,Yes,Yes,Yes,,Faithful to the page text; it describes traditional recipes using natural ingredients and locally sourced organic flour.,https://bread41.ie/bread_41_wholesale/,bread_41.json,No,No,Yes,No,No,No,AMBER,"AMBER - Specific detail AND concrete actions named (locally sourced organic flour, milled on site) BUT type-matching registry NOT confirmed (EU Organic not confirmed; B Corp confirmed but does not verify organic sourcing claims)","The claim names specific, verifiable facts: traditional recipes, natural ingredients, locally sourced organic flour, and on-site milling at a named bakery. These details pass the BOUNDARY rule 1 threshold (specific detail present = AMBER minimum). However, the claim hinges on 'organic' status, which requires EU Organic certification to be GREEN; the registry confirms B Corp only, which does not verify organic sourcing. The company thus holds a CONFIRMED certification but not the TYPE-MATCHING one for this claim, placing it in AMBER per BOUNDARY rule GREEN vs AMBER criterion 2.",No
Bread 41,Products,sourcing,We are increasingly sourcing from Irish farms who are beginning to grow a diverse and ancient variety of grains. These grains are not only better tasting but more sustainable also.,We are increasingly sourcing from Irish farms who are beginning to grow a diverse and ancient variety of grains. These grains are not only better tasting but more sustainable also.,EN,0.85,Yes,Yes,Yes,Yes,Yes,,Present in the page text and attributable to the company; it references sourcing from Irish farms and sustainability.,https://bread41.ie/bread_41_wholesale/,bread_41.json,No,No,Yes,No,No,No,AMBER,AMBER — specific action named ('sourcing from Irish farms') but no type-matching registry confirmed; claimed environmental benefit ('more sustainable') is unquantified and unverified,"The claim names a concrete sourcing action (Irish farms growing diverse ancient grains) and asserts an environmental outcome ('more sustainable'), meeting the threshold for specificity. However, no registry confirmed for this company matches a grain sustainability or sourcing certification claim — B Corp is confirmed but does not verify grain sourcing practices or sustainability claims of this type. The environmental benefit remains vague and unsupported by independent verification, placing this in AMBER: specific enough to avoid RED, but lacking the type-matching registry confirmation required for GREEN.",No
Bread 41,Products,sourcing,"We use local Irish grain where possible and our flours are truly wholemeal and organic, meaning they contain nothing but the wholegrain and all of its natural goodness.","We use local Irish grain where possible and our flours are truly wholemeal and organic, meaning they contain nothing but the wholegrain and all of its natural goodness.",EN,0.9,Yes,Yes,Yes,Yes,Yes,,Appears in the page text and is a complete sourcing-related environmental claim about local Irish grain and organic flour.,https://bread41.ie/bread_41_wholesale/,bread_41.json,No,No,Yes,No,No,No,AMBER,AMBER - specific claim (named action: local Irish grain; named product attribute: wholemeal organic) but TYPE-MATCHING registry not confirmed. B Corp confirmed but does not verify organic or sourcing claims.,"The claim names concrete actions (sourcing local Irish grain, using wholemeal organic flour) and asserts a specific product attribute (organic status). However, the registry evidence confirms only B Corp certification, which does not verify organic claims or sourcing practices — the relevant registry (EU Organic) is explicitly not confirmed. Under the type-matching rule, a confirmed but unrelated certification cannot serve as credibility floor for a claim about a different kind of environmental performance. The specificity of the claim pushes it above RED, but absence of the matching registry keeps it at AMBER.",Yes
Bread 41,Products,sourcing,Made with organic white bread flour.,Made with organic white bread flour.,EN,0.9,Yes,Yes,Yes,Yes,Yes,,Exact product-description claim from the bakery menu; organic flour is an environmental/sourcing attribute.,https://bread41.ie/bread_41_wholesale/,bread_41.json,No,No,Yes,No,No,No,AMBER,AMBER — specific claim (named ingredient type: organic white bread flour) but type-matching registry not confirmed (EU Organic not confirmed; B Corp confirmed is wrong type for organic sourcing claim),"The claim names a concrete, verifiable sourcing detail (organic white bread flour), which meets the specificity threshold for AMBER minimum. However, the only confirmed registry is B Corp, which does not verify organic sourcing claims — organic status requires EU Organic, BIOPARTENAIRE, or BioED confirmation. Since the type-matching registry is not confirmed, the claim cannot be GREEN, and remains AMBER pending evidence of organic certification for this ingredient.",No
Bread 41,Products,sourcing,Made with three malted organic grains & 3 varieties of soaked seeds and our wholemeal sourdough starter.,Made with three malted organic grains & 3 varieties of soaked seeds and our wholemeal sourdough starter.,EN,0.85,Yes,Yes,Yes,Yes,Yes,,Faithfully reflects the menu item description and asserts organic grains and seed sourcing.,https://bread41.ie/bread_41_wholesale/,bread_41.json,No,No,Yes,No,No,No,AMBER,"AMBER – specific detail named (named ingredients, named process) but no TYPE-MATCHING registry confirmed","The claim names concrete sourcing details: three malted organic grains, three varieties of soaked seeds, and wholemeal sourdough starter. This specificity alone would normally warrant scrutiny for evidence. However, the claim asserts 'organic' status, which requires EU Organic (or BIOPARTENAIRE/BioED) confirmation to be GREEN. The company holds a confirmed B Corp certification, which does not verify organic claims — B Corp checks labour and governance, not organic production standards. Because the organic assertion is specific but unverified by a matching registry, AMBER is correct: the claim needs independent evidence of organic status.",Yes
Bread 41,Products,sourcing,"Our seeded sourdough, made with wholewheat starter and organic seed mix.","Our seeded sourdough, made with wholewheat starter and organic seed mix.",EN,0.85,Yes,Yes,Yes,Yes,Yes,,Matches the page text and is a complete company-attributed claim about wholewheat starter and organic seed mix.,https://bread41.ie/bread_41_wholesale/,bread_41.json,No,No,Yes,No,No,No,AMBER,"AMBER - Specific claim (named ingredients: wholewheat starter, organic seed mix) but type-matching registry not confirmed","The claim names 'organic seed mix' as a specific ingredient, which is a concrete detail that would normally push toward GREEN if EU Organic certification were confirmed. However, the registry evidence shows EU Organic is NOT confirmed for this company — only B Corp is confirmed. B Corp does not verify organic status. The claim is specific enough to escape RED, but lacks the type-matching registry confirmation required for GREEN.",No
Danival,Homepage,sourcing,Agriculture 100% biologique,100% organic agriculture,FR,0.95,Yes,Yes,Yes,Yes,Yes,,"States the company’s agriculture is 100% organic; this is a complete, company-attributed environmental/product sourcing claim.",https://danival.fr/,danival.json,No,No,No,No,Yes,Yes,AMBER,AMBER - specific claim (100% organic agriculture) but no TYPE-MATCHING registry confirmed,"The claim asserts a concrete, verifiable fact ('100% organic agriculture') which meets the specificity threshold for AMBER minimum. However, the registry evidence shows that while BIOPARTENAIRE and BioED are confirmed, EU Organic—the primary EU registry for organic certification claims—is not confirmed. Since the claim names 'biologique' (organic status) specifically, the relevant type-matching registry (EU Organic) must be confirmed to reach GREEN; confirmation of alternative schemes does not substitute for the specific organic registry.",Yes
Danival,Homepage,sourcing,DANIVAL défend une agriculture sans pesticides depuis 1990.,DANIVAL has been advocating pesticide-free farming since 1990.,FR,0.97,Yes,Yes,Yes,Yes,Yes,,Faithful to the page and clearly a company claim about pesticide-free agriculture since 1990.,https://danival.fr/,danival.json,No,No,No,No,Yes,Yes,GREEN,"GREEN - Concrete, verifiable fact (named action with date) AND type-matching registry confirmed","The claim asserts a specific, checkable historical fact: DANIVAL has defended agriculture without pesticides since 1990. This is a concrete commitment with a named date and action. The registry confirms BIOPARTENAIRE and BioED certifications, which are organic/pesticide-free agriculture schemes that directly verify this type of claim. The specificity of the date and the type-match between the claim (pesticide-free agriculture) and the confirmed registries (organic certifications) satisfy the GREEN criteria.",No
Danival,Homepage,general,"Pour nous, l'alimentation bio est à la fois question de respect de l'Homme et de son environnement, de terroirs et de saveurs.","For us, organic food is about respecting both people and their environment, terroirs and flavours.",FR,0.8,Yes,Yes,Yes,Yes,Yes,,Company statement linking organic food to respect for people and the environment; environmentally relevant and complete.,https://danival.fr/,danival.json,No,No,No,No,Yes,Yes,AMBER,"AMBER - vague but substantive claim with relevant registry confirmed (BIOPARTENAIRE, BioED)","The claim describes a philosophy about organic food respecting humans, environment, and terroir/flavour — naming a commitment to organic principles and environmental respect — but uses general language without specific metrics, actions, or dates. However, the company holds confirmed BIOPARTENAIRE and BioED certifications, which are type-matching registries for organic/environmental claims. Under the credibility-floor rule, a vague but substantive claim paired with confirmed relevant certification receives AMBER, not RED.",No
Danival,Homepage,sourcing,Filières locales et durables — DANIVAL est engagée depuis plus de 30 ans dans la création de filières biologiques locales et françaises.,Local and sustainable supply chains — DANIVAL has been committed for over 30 years to creating local and French organic supply chains.,FR,0.95,Yes,Yes,Yes,Yes,Yes,,Accurately reflects the company’s engagement in creating local and French organic supply chains.,https://danival.fr/,danival.json,No,No,No,No,Yes,Yes,GREEN,"GREEN - Specific concrete action (30+ years of local organic supply chain creation) with TYPE-MATCHING registry confirmed (BIOPARTENAIRE, BioED)","The claim names a specific, verifiable commitment: DANIVAL has been creating local French organic supply chains for over 30 years. This is a concrete historical fact and stated action. BIOPARTENAIRE and BioED are confirmed certifications that verify organic sourcing and local supply chain practices — the exact types of claims being made. The registry match is direct and the detail is sufficient for GREEN.",No
Danival,Homepage,sourcing,Nous avons aujourd'hui 6 filières locales qui garantissent à nos agriculteurs une relation juste et durable.,We now have 6 local supply chains that guarantee our farmers a fair and lasting relationship.,FR,0.9,Yes,Yes,Yes,Yes,Yes,,"Company claim about six local supply chains and fair, durable relations with farmers.",https://danival.fr/,danival.json,No,No,No,No,Yes,Yes,AMBER,"AMBER - Specific action named (6 local supply chains, fair and sustainable relationships with farmers) but no TYPE-MATCHING registry confirmed","The claim describes a concrete sourcing initiative with named detail (6 filières locales, fair and sustainable farmer relations), which satisfies the specificity threshold for AMBER minimum. However, the confirmed registries (BIOPARTENAIRE, BioED) do not directly verify a general 'fair and sustainable sourcing' claim across multiple supply chains — they certify organic/biodynamic status or fair-trade credentials for specific products, not sourcing governance structure. The claim is substantive enough to avoid RED, but lacks the TYPE-MATCHING registry confirmation needed for GREEN.",Yes
Danival,Homepage,general,"Préserver la biodiversité, réduire notre empreinte carbone, réduire nos emballages, limiter le gaspillage, énergie verte, etc.","Preserving biodiversity, reducing our carbon footprint, reducing our packaging, limiting waste, green energy, etc.",FR,0.92,Yes,Yes,Yes,Yes,Yes,,Directly listed as the company’s environmental commitments; complete and attributable.,https://danival.fr/,danival.json,No,No,No,No,Yes,Yes,RED,"RED — pure tagline/slogan with no specific action, metric, or behavioural detail; BIOPARTENAIRE and BioED certifications do not verify vague sustainability aspirations","The claim lists generic sustainability buzzwords (preserve biodiversity, reduce carbon, reduce packaging, limit waste, green energy) with no concrete action, named initiative, metric, date, or supplier detail. After stripping buzzwords, no verifiable behaviour remains — it is a pure marketing slogan. Although the company holds confirmed certifications (BIOPARTENAIRE, BioED), these certify organic/fair-trade status specifically, not vague company-wide sustainability commitments; they do not credibility-floor a tagline that asserts nothing checkable. The claim fails BOUNDARY rule 2 and triggers the bare-tagline RED criterion.",No
Danival,Homepage,sourcing,"La variété de quinoa que je cultive en Vendée est celle qui s'est mieux adaptée à notre terroir, à notre climat et à notre façon de le travailler. Et celui-ci ne voyage pas 9000 km !","The variety of quinoa I grow in Vendée is the one that has best adapted to our terroir, our climate and our way of working it. And it doesn't travel 9,000 km!",FR,0.88,No,Yes,Yes,No,Yes,NOT_COMPANY_ATTRIBUTED,"This is a quoted first-person statement from a producer/interviewee, not clearly a claim adopted by the company.",https://danival.fr/,danival.json,No,No,No,No,Yes,Yes,GREEN,"GREEN - concrete, verifiable facts (named supplier, specific action, measurable outcome, location) without requiring registry confirmation for factual company history/sourcing statements","The claim states specific, checkable facts: a named crop variety (quinoa), a named location (Vendée), adaptation details (terroir, climate, working method), and a concrete logistical outcome (no 9000 km transport). These are factual sourcing and provenance statements about the company's actual practice, not environmental performance claims requiring independent certification. The rule for GREEN explicitly exempts factual company history, sourcing origin, and geographic/location descriptions from the requirement for registry confirmation — they are background facts, not certifiable environmental claims. The confirmed BIOPARTENAIRE and BioED registrations provide additional credibility for the organic/sustainable context, but the primary basis for GREEN is the specificity and verifiability of the sourcing fact itself.",No
Danival,Homepage,sourcing,Des approvisionnements français et engagés,French and committed sourcing,FR,0.85,Yes,Yes,Yes,Yes,Yes,,Faithful company commitment to French and engaged sourcing; environmentally relevant.,https://danival.fr/,danival.json,No,No,No,No,Yes,Yes,AMBER,AMBER — specific claim (named sourcing origin and commitment) but no TYPE-MATCHING registry confirmed,"The claim names a concrete action ('French sourcing' and 'committed/engaged' procurement) rather than a bare tagline, satisfying BOUNDARY rule 1 (specific detail present). However, the confirmed registries (BIOPARTENAIRE, BioED) are organic/biodynamic certifications, not sourcing-origin or supply-chain commitment schemes; they do not TYPE-MATCH this sourcing claim. Per STEP 2 AMBER criterion 1, a specific claim with no matching confirmed registry requires further evidence.",No
Danival,Homepage,packaging,La réduction et l'amélioration de nos emballages,The reduction and improvement of our packaging,FR,0.9,Yes,Yes,Yes,Yes,Yes,,Company claim about reducing and improving packaging; complete and environmentally relevant.,https://danival.fr/,danival.json,No,No,No,No,Yes,Yes,RED,"RED - bare tagline, no behaviour named","The claim 'La réduction et l'amélioration de nos emballages' (reduction and improvement of our packaging) is a pure marketing tagline with no concrete action, metric, date, supplier, or verifiable commitment specified. After stripping the buzzwords, no substantive environmental behaviour remains — it asserts a general aspiration without naming what has been done, by when, or how it will be measured. The confirmed registries (BIOPARTENAIRE, BioED) do not cover packaging performance claims, and the absence of any specific detail means this fails both the behaviour test and the registry-matching test.",No
Danival,Homepage,general,La protection de l'environnement et de la biodiversité,The protection of the environment and biodiversity,FR,0.88,Yes,Yes,Yes,Yes,Yes,,Company commitment to environmental and biodiversity protection; category is better treated as general than biodiversity-specific.,https://danival.fr/,danival.json,No,No,No,No,Yes,Yes,RED,"RED — pure tagline/slogan, no behaviour named","The claim 'La protection de l'environnement et de la biodiversité' (Protection of the environment and biodiversity) is a bare marketing slogan with no concrete action, metric, commitment, or behavioural detail. After stripping buzzwords, no checkable environmental behaviour remains. Per the rules, a pure tagline is RED regardless of registry status — and here, the confirmed registries (BIOPARTENAIRE, BioED) are organic/fair-trade certifications that do not verify a generic environmental/biodiversity protection assertion. The claim names no specific initiative, action, or outcome.",No
Danival,Homepage,sourcing,"Danival soutient ses producteurs au cœur des filières françaises en prônant une cuisine authentique, bio et sans chichis, accessible chez soi et à tous.","Danival supports its producers at the heart of French supply chains by advocating authentic, organic and no-fuss cooking, accessible at home and for everyone.",FR,0.85,Yes,Yes,Yes,Yes,Yes,,Company statement about supporting producers in French supply chains with organic cuisine; environmentally relevant and complete.,https://danival.fr/,danival.json,No,No,No,No,Yes,Yes,AMBER,"AMBER - specific commitment named (supporting producers in French supply chains, organic authentic cuisine) but type-matching registry not confirmed","The claim asserts a specific sourcing commitment ('soutient ses producteurs au cœur des filières françaises') and references organic status ('bio'), but the company holds BIOPARTENAIRE and BioED certifications — neither of which is EU Organic, the standard registry for organic claims in the Directive framework. While a certification is confirmed, it does not match the type of claim being made (organic sourcing); therefore credibility floor applies but not enough for GREEN. The claim names concrete behaviour (producer support, French supply chains) so it crosses the specificity threshold and is not RED.",Yes
Danival,About,general,deux passionnés de cuisine et fervents défenseurs de l'Agriculture Biologique.,two cooking enthusiasts and fervent defenders of Organic Agriculture.,FR,0.75,Yes,Yes,Yes,Yes,Yes,,Faithful statement about supporting organic agriculture; attributable to the company and complete.,https://danival.fr/notre-histoire/,danival.json,No,No,No,No,Yes,Yes,GREEN,"GREEN - factual company history/founding story, no registry confirmation required","This claim describes the founders' personal passion and philosophy ('two food enthusiasts and fervent defenders of organic agriculture') as background company narrative, not an environmental performance claim or certification assertion. Per STEP 2 GREEN criteria, factual statements about company founding, structure, and origin do not require registry confirmation — they are not verifiable environmental claims being checked against independent standards. The confirmed BIOPARTENAIRE and BioED registries provide additional credibility, but the GREEN classification rests on the claim type itself (founding story), not on registry matching.",No
Danival,About,general,"Au fil de 30 ans de créations culinaires, l'équipe s'agrandit et la gamme de produits bio DANIVAL s'enrichit de nouvelles recettes tout en continuant à défendre avec passion et conviction les valeurs d'une bio engagée.","Over 30 years of culinary creations, the team has grown and the DANIVAL organic product range has expanded with new recipes while continuing to passionately and convincingly defend the values of committed organics.",FR,0.75,Yes,Yes,Yes,Yes,Yes,,Accurately reflects the company's bio/organic positioning and values.,https://danival.fr/notre-histoire/,danival.json,No,No,No,No,Yes,Yes,GREEN,GREEN - factual company history and foundational values statement with confirmed relevant registry,"The claim describes the company's 30-year founding story, team growth, product range expansion, and core values commitment to 'bio engagée' — these are factual background statements about company structure and history, not performance claims requiring independent verification. The company holds confirmed BIOPARTENAIRE and BioED certifications, which are the relevant registries for organic/bio claims. Under STEP 2 GREEN criterion, factual company history and structure statements do not require registry confirmation because they are not environmental performance claims being verified; they are background facts. The confirmed bio certifications provide additional credibility alignment.",No
Danival,About,certification,"Daniel et Valérie Gevaert créent DANIVAL, une petite conserverie 100% BIO, au Moulin d'Andiran, en pleine campagne dans le Sud-Ouest de la France.","Daniel and Valérie Gevaert create DANIVAL, a small 100% ORGANIC cannery, at the Moulin d'Andiran, in the heart of the countryside in South-West France.",FR,0.9,Yes,Yes,Yes,Yes,Yes,,Company history statement describing a 100% organic conserverie; complete and attributable.,https://danival.fr/notre-histoire/,danival.json,No,No,No,No,Yes,Yes,GREEN,"GREEN - concrete verifiable fact (company founding story, named founders, specific location, date context) with TYPE-MATCHING registry confirmed (BIOPARTENAIRE/BioED confirm organic status)","The claim describes factual company history (who founded it, when, where, what they created) combined with a specific organic certification assertion ('100% BIO'). This is a concrete, verifiable fact about the company's structure and origin, not a vague environmental performance claim. The registry evidence confirms BIOPARTENAIRE and BioED — both of which verify organic/bio status — matching the '100% BIO' assertion precisely. Factual company history does not require independent certification to be GREEN, but when the organic claim is made and the matching registry is confirmed, the classification is clearly GREEN.",No
Danival,About,certification,fabrication des premiers produits certifiés biologiques,manufacture of the first certified organic products,FR,0.9,Yes,Yes,Yes,Yes,Yes,,Matches the page text about first certified organic products.,https://danival.fr/notre-histoire/,danival.json,No,No,No,No,Yes,Yes,GREEN,GREEN - specific claim with TYPE-MATCHING registry confirmed,"The claim names a specific, concrete action ('fabrication des premiers produits certifiés biologiques' — manufacture of first certified organic products) and references organic certification. The registry evidence confirms BIOPARTENAIRE and BioED, both of which are organic certification schemes that directly verify organic status claims. The registry type matches the claim type, satisfying the GREEN criterion for specific detail + type-matching confirmed certification.",No
Danival,About,sourcing,"Daniel est agriculteur et cultive les fruits et les légumes bio dans le Lot-et-Garonne, tandis que Valérie est aux fourneaux et confectionne les premières conserves bio DANIVAL (compotes Dani'Pom, légumes cuisinés, produits japonais), à partir des ingrédients locaux.","Daniel is a farmer and grows organic fruits and vegetables in Lot-et-Garonne, while Valérie is in the kitchen and prepares the first DANIVAL organic preserves (Dani'Pom compotes, cooked vegetables, Japanese products), from local ingredients.",FR,0.9,Yes,Yes,Yes,Yes,Yes,,Faithful sourcing claim about organic fruits and vegetables and local ingredients.,https://danival.fr/notre-histoire/,danival.json,No,No,No,No,Yes,Yes,GREEN,"GREEN - concrete, verifiable facts about company history, structure, and named actions with type-matching registry confirmed","The claim describes factual company origin (Daniel as farmer, Valérie as processor), specific location (Lot-et-Garonne), named product lines (Dani'Pom compotes, cooked vegetables, Japanese products), and use of local ingredients. These are concrete, verifiable facts about company structure and sourcing practice. The claim explicitly names organic status ('fruits et légumes bio', 'conserves bio DANIVAL', 'ingrédients bio'), and BIOPARTENAIRE and BioED are both confirmed organic certifications that type-match this organic claim. Under STEP 2 GREEN criterion, a concrete, verifiable fact with type-matching registry confirmation qualifies as GREEN.",No
Danival,About,sourcing,"Ils mettent en place des partenariats avec les agriculteurs de la région pour développer les approvisionnements de fruits, légumes, soja, et choisissent le réseau des magasins bio et diététiques pour commercialiser leurs produits, partout en France.","They establish partnerships with local farmers to develop supplies of fruits, vegetables, and soy, and choose the network of organic and health food stores to market their products throughout France.",FR,0.85,Yes,Yes,Yes,Yes,Yes,,Describes partnerships with regional farmers and use of bio/diététique retail channels.,https://danival.fr/notre-histoire/,danival.json,No,No,No,No,Yes,Yes,GREEN,"GREEN - Specific concrete actions (named partnerships with regional farmers, named product categories, named distribution channel) + TYPE-MATCHING registry confirmed (BIOPARTENAIRE, BioED)","The claim describes specific, verifiable actions: establishing partnerships with regional farmers for fruit/vegetable/soy supply and choosing organic/dietary retail networks for distribution across France. These are concrete sourcing commitments with named actors and distribution strategy. The company holds confirmed BIOPARTENAIRE and BioED certification, both of which are organic-focused registries that verify sourcing practices and supply chain claims of this type. The specificity and TYPE-MATCHING registry confirmation together satisfy GREEN criteria.",No
Danival,About,sourcing,"DANIVAL renforce son partenariat avec ses producteurs, en leur garantissant un prix d'achat des matières premières au-dessus du cours du marché, et monte avec eux les premières filières bio locales dédiées aux légumes du soleil (courgettes, aubergines et poivrons) pour la confection des légumes cuisinés, et au soja pour la fabrication des produits japonais.","DANIVAL strengthens its partnership with its producers, guaranteeing them a purchase price for raw materials above market rates, and builds with them the first local organic supply chains dedicated to sun vegetables (courgettes, aubergines and peppers) for cooked vegetables, and soy for Japanese products.",FR,0.9,Yes,Yes,Yes,Yes,Yes,,Accurately reflects local organic supply chains and fairer purchasing terms.,https://danival.fr/notre-histoire/,danival.json,No,No,No,No,Yes,Yes,GREEN,"GREEN — concrete, verifiable facts AND type-matching registry confirmed (BIOPARTENAIRE, BioED)","The claim names specific, verifiable actions: guaranteed above-market prices for suppliers, development of local organic supply chains for named vegetables (courgettes, aubergines, poivrons) and soy. These are concrete commitments describing real sourcing behaviour. The registry evidence confirms BIOPARTENAIRE and BioED certifications, both of which verify organic status and sustainable supply-chain practices — the exact type of claim being made. The claim satisfies the GREEN criterion: specific detail + type-matching registry confirmed.",No
Danival,About,general,elle affine avec rigueur et passion les différentes variétés de misos selon un procédé de fabrication lent et naturel,she rigorously and passionately refines the different varieties of misos according to a slow and natural manufacturing process,FR,0.7,No,Yes,No,Yes,Yes,NOT_ENVIRONMENTAL,This is about miso production method; 'lent et naturel' is not sufficiently environmental in this context.,https://danival.fr/notre-histoire/,danival.json,No,No,No,No,Yes,Yes,AMBER,AMBER - specific action named ('procédé de fabrication lent et naturel') but no TYPE-MATCHING registry confirmed,"The claim describes a concrete manufacturing process (slow, natural method) applied to miso varieties, which is a specific behaviour/commitment beyond a bare tagline. However, the confirmed registries (BIOPARTENAIRE, BioED) do not specifically verify claims about manufacturing process or slowness — they certify organic/fair-trade status. The claim itself does not reference organic certification, so registry confirmation of organic status does not type-match this particular assertion about method. AMBER applies: specific but unverified by a matching independent standard.",No
Danival,About,sourcing,"A une époque où le commerce équitable n'existait pas encore en France, DANIVAL est l'une des premières entreprises bio à formaliser ses engagements auprès de ses agriculteurs partenaires au travers d'une Charte de commerce solidaire, garantissant une rémunération juste et des volumes stables pendant 3 ans pour ses filières bio locales (Lot-et-Garonne).","At a time when fair trade did not yet exist in France, DANIVAL was one of the first organic companies to formalise its commitments to its partner farmers through a Solidarity Trade Charter, guaranteeing fair remuneration and stable volumes for 3 years for its local organic supply chains (Lot-et-Garonne).",FR,0.85,Yes,Yes,Yes,Yes,Yes,,Company claim about solidarity commerce and fair remuneration for local bio filières.,https://danival.fr/notre-histoire/,danival.json,No,No,No,No,Yes,Yes,GREEN,"GREEN - STEP 2: Concrete, verifiable fact with type-matching registry confirmed","The claim names a specific, dated action (3-year contracts with named geographic origin: Lot-et-Garonne), describes a named initiative (Charte de commerce solidaire), and asserts measurable outcomes (fair pricing, volume stability). BIOPARTENAIRE is confirmed for this company and is the type-matching registry for fair-trade/solidarity commerce claims in organic sourcing. The claim does not depend on EU Organic certification alone—it is about fair-trade practice—and BIOPARTENAIRE directly verifies this kind of commitment.",No
Danival,About,sourcing,"Reconnu comme un acteur engagé dans le développement de l'agriculture biologique en France et sur son territoire, DANIVAL est approché par un collectif d'éleveurs bio du Lot-et-Garonne, qui n'arrivent pas à écouler leur viande de boeuf sur le marché bio. L'entreprise aide les éleveurs à convaincre un atelier de découpe local de se convertir en bio et crée avec eux la filière de bœuf bio locale (Lot-et-Garonne) pour la confection de ses produits phares : les ravioli au boeuf et le chili con carne.","Recognised as a committed player in the development of organic agriculture in France and in its territory, DANIVAL was approached by a collective of organic cattle farmers from Lot-et-Garonne, who were struggling to sell their beef on the organic market. The company helps the farmers convince a local cutting facility to convert to organic and creates with them the local organic beef supply chain (Lot-et-Garonne) for its flagship products: beef ravioli and chili con carne.",FR,0.9,Yes,Yes,Yes,Yes,Yes,,Faithful claim about creating a local organic beef supply chain.,https://danival.fr/notre-histoire/,danival.json,No,No,No,No,Yes,Yes,GREEN,"GREEN - Concrete, verifiable facts (named supplier, specific action, measurable outcome, location) with type-matching registry confirmed","The claim describes a specific, documented initiative: DANIVAL identified a named group of organic beef farmers in Lot-et-Garonne, helped them convert a local cutting facility to organic certification, and created a named local supply chain (Lot-et-Garonne) for two named products (beef ravioli and chili con carne). This is a concrete action with named stakeholders, location, and outcome. The registry confirms BIOPARTENAIRE and BioED — both of which certify organic status and supply chain integrity — which directly verify the organic sourcing and supply chain development claim being made.",No
Danival,About,sourcing,"DANIVAL s'engage auprès de nouveaux producteurs bio français et crée avec eux la filière légumineuses pour s'approvisionner en lentilles, haricots rouges, haricots blancs, flageolets, pois chiches, pour la confection de ses légumes au naturel et de ses Graines Express.","DANIVAL commits to new French organic producers and creates with them the legume supply chain to source lentils, red beans, white beans, flageolet beans, chickpeas, for the preparation of its natural vegetables and its Graines Express.",FR,0.9,Yes,Yes,Yes,Yes,Yes,,Accurate sourcing claim regarding new French organic producers and legume supply chain.,https://danival.fr/notre-histoire/,danival.json,No,No,No,No,Yes,Yes,GREEN,"GREEN - Specific, concrete action + type-matching registry confirmed (BIOPARTENAIRE)","The claim names specific actions (engaging with new French organic producers, creating a legume supply chain) and specific products (lentils, red beans, white beans, flageolets, chickpeas) with concrete sourcing commitments. BIOPARTENAIRE is confirmed for this company and is the appropriate registry for organic sourcing claims in France. The claim is substantive, verifiable, and directly supported by the type-matching certification.",No
Danival,About,certification,"L'exemplarité de sa démarche solidaire avec les agriculteurs locaux permet à DANIVAL d'obtenir la labellisation BIOPARTENAIRE pour sa filière « Légumes du Soleil », et de renforcer ainsi ses engagements auprès de ses producteurs partenaires.","The exemplary nature of its solidarity approach with local farmers enables DANIVAL to obtain the BIOPARTENAIRE certification for its 'Sun Vegetables' supply chain, thereby strengthening its commitments to its partner producers.",FR,0.95,Yes,Yes,Yes,Yes,Yes,,Valid certification/label claim about BIOPARTENAIRE for a company filière.,https://danival.fr/notre-histoire/,danival.json,No,No,No,No,Yes,Yes,GREEN,GREEN — Specific claim referencing named certification AND TYPE-MATCHING registry confirmed,"The claim names a specific action (obtaining BIOPARTENAIRE certification for a named product line 'Légumes du Soleil') and identifies a concrete commitment (strengthening partnerships with local producers). Registry evidence confirms BIOPARTENAIRE is held by this company, and BIOPARTENAIRE is the exact scheme named in the claim — type-matching registry confirmation applies. This satisfies the GREEN criterion: specific detail + matching registry confirmed.",No
Danival,About,certification,"Le label BIOPARTENAIRE® devient le premier label de l'histoire à associer agriculture biologique et commerce équitable dans le même cahier des charges en 2002. C'est aussi le seul label Bio & équitable dédié au réseau des magasins spécialisés biologiques, et qui garantit le respect des Biopartenariats en France et dans le monde, avec des contrôles par un organisme indépendant à chaque étape de la chaîne.","The BIOPARTENAIRE® label became in 2002 the first label in history to combine organic agriculture and fair trade in the same specification. It is also the only Bio & fair trade label dedicated to the network of specialist organic stores, guaranteeing compliance with Biopartnerships in France and worldwide, with checks by an independent body at each stage of the chain.",FR,0.95,No,Yes,Yes,No,Yes,NOT_COMPANY_ATTRIBUTED,"This is a general explanatory statement about the label BIOPARTENAIRE, not a direct company claim.",https://danival.fr/notre-histoire/,danival.json,No,No,No,No,Yes,Yes,GREEN,GREEN — Specific claim referencing named certification (BIOPARTENAIRE) AND TYPE-MATCHING registry confirmed for that specific certification,"The claim describes concrete, verifiable facts about BIOPARTENAIRE's history (first label combining organic and fair trade in 2002), scope (dedicated to specialist organic retailers), and governance (independent verification at each chain stage). The registry evidence explicitly confirms BIOPARTENAIRE certification for this company. The claim names a specific certification and the matching registry type is confirmed, satisfying the GREEN criterion under STEP 2 and BOUNDARY rule 2.",No
Danival,About,packaging,"Conscient que les emballages en plastique (de type sachets, gourdes ou coupelles) ne sont pas facilement recyclables, DANIVAL décide de créer et de financer sa propre filière de recyclage en partenariat avec TerraCycle® visant à créer pour les consommateurs des points de collecte dans les magasins bio.","Aware that plastic packaging (such as sachets, pouches or cups) is not easily recyclable, DANIVAL decides to create and fund its own recycling stream in partnership with TerraCycle® aimed at creating collection points for consumers in organic stores.",FR,0.95,Yes,Yes,Yes,Yes,Yes,,Company claim about creating a recycling stream for plastic packaging.,https://danival.fr/notre-histoire/,danival.json,No,No,No,No,Yes,Yes,AMBER,"AMBER - specific action named (partnership with named third party, concrete commitment to fund and create collection points) BUT registry confirmed does NOT match the claim type (BIOPARTENAIRE/BioED verify organic/bio status, not packaging recyclability or recycling infrastructure partnerships)","The claim describes a specific, verifiable commitment: DANIVAL is creating and funding its own recycling stream in partnership with TerraCycle® to establish collection points in bio stores. This is concrete behavioural detail (named partner, named action, named beneficiary outcome), which triggers AMBER minimum. However, the confirmed registries (BIOPARTENAIRE, BioED) certify organic/biological product status, not packaging recyclability claims or recycling programme partnerships — they are type-mismatched. The claim requires independent verification of the recycling partnership itself, which is not confirmed in the tracked registries.",Yes
Danival,About,general,"Investie dans une démarche environnementale globale depuis sa création, DANIVAL souhaite aller plus loin dans le développement de l'agriculture biologique et dans le développement durable, et choisit le référentiel Bioentreprisedurable® créé par le SYNABIO pour les entreprises de la bio, pour structurer et valoriser ses engagements RSE.","Committed to a comprehensive environmental approach since its creation, DANIVAL wishes to go further in the development of organic agriculture and sustainable development, and chooses the Bioentreprisedurable® framework created by SYNABIO for organic companies, to structure and enhance its CSR commitments.",FR,0.85,Yes,Yes,Yes,Yes,Yes,,General environmental/RSE claim clearly attributable to the company.,https://danival.fr/notre-histoire/,danival.json,No,No,No,No,Yes,Yes,GREEN,GREEN - Specific commitment + TYPE-MATCHING registry confirmed (BioED),"The claim names a specific, concrete commitment: adoption of the Bioentreprisedurable® framework (created by SYNABIO) to structure and communicate RSE commitments within organic agriculture. The registry evidence confirms BioED (Bioentreprise Durable), which is the French equivalent scheme and directly verifies this type of organic business sustainability commitment. The claim describes a named action already undertaken ('choisit le référentiel') with a verifiable third party (SYNABIO), and the matching registry is confirmed.",Yes
Danival,About,certification,DANIVAL participe à son premier audit et obtient avec succès la certification Bioentreprisedurable® par Ecocert.,DANIVAL participates in its first audit and successfully obtains the Bioentreprisedurable® certification by Ecocert.,FR,0.95,Yes,Yes,Yes,Yes,Yes,,Faithful certification claim about Bioentreprisedurable®.,https://danival.fr/notre-histoire/,danival.json,No,No,No,No,Yes,Yes,GREEN,GREEN - Claim references a specific certification AND registry confirms THAT SPECIFIC certification; type-matching registry confirmed,"The claim names 'certification Bioentreprisedurable® par Ecocert' as a concrete action already achieved ('obtient avec succès'). The registry evidence confirms BioED (Bioentreprise Durable), which is the French-language name for this certification scheme. The certification named in the claim matches the confirmed registry, satisfying the type-matching requirement for GREEN classification.",No
Danival,About,sourcing,"DANIVAL développe deux nouvelles filières biologiques françaises : la filière quinoa de Vendée avec ses producteurs de légumineuses partenaires, la filière Pomme Golden dans le Sud-Ouest, avec un couple d'arboriculteurs, respectant le principe de la biodynamie.","DANIVAL develops two new French organic supply chains: the Vendée quinoa supply chain with its partner legume producers, and the Golden Apple supply chain in the South-West, with a couple of fruit growers following the principles of biodynamics.",FR,0.9,Yes,Yes,Yes,Yes,Yes,,Accurate sourcing/biodynamic claim about French supply chains.,https://danival.fr/notre-histoire/,danival.json,No,No,No,No,Yes,Yes,GREEN,"GREEN — Specific, concrete actions named (two named French sourcing filières with named crops, named regions, named partner types) AND TYPE-MATCHING registry confirmed (BIOPARTENAIRE/BioED confirm organic/biodynamic sourcing)","The claim names specific, verifiable facts: two named French organic supply chains (Vendée quinoa with legume producers; Southwest Golden apples with a farming couple), explicit commitment to biodynamic principles, and named locations. BIOPARTENAIRE and BioED are confirmed for this company and are the relevant registries for verifying organic and biodynamic sourcing claims in France. The claim is concrete, sourcing-focused, and backed by the type-matching confirmed certification.",No
Danival,About,certification,"Pour ses 30 ans, DANIVAL se consacre à la construction de sa stratégie RSE, avec la consultation de ses parties prenantes, et inscrit ses engagements RSE au cœur de sa mission d'entreprise. DANIVAL renouvelle sa labellisation Bioentreprisedurable® pour la 4ème année consécutive.","For its 30th anniversary, DANIVAL dedicates itself to building its CSR strategy, consulting its stakeholders, and places its CSR commitments at the heart of its corporate mission. DANIVAL renews its Bioentreprisedurable® certification for the 4th consecutive year.",FR,0.9,Yes,Yes,Yes,Yes,Yes,,Company strategy and recurring certification/labelling claim.,https://danival.fr/notre-histoire/,danival.json,No,No,No,No,Yes,Yes,GREEN,GREEN — Specific claim with TYPE-MATCHING registry confirmed (BIOPARTENAIRE/BioED for organic/bio certification),"The claim names a specific certification renewal ('labellisation Bioentreprisedurable® pour la 4ème année consécutive') and provides concrete detail (4 consecutive years). The registry evidence confirms BIOPARTENAIRE and BioED are held by this company, which directly verify bio/organic certifications — the exact type of claim being made. The claim also includes a concrete behaviour (RSE strategy construction, stakeholder consultation, renewal of certification), satisfying the specificity requirement for GREEN.",No
Danival,About,certification,"En Juillet 2020, DANIVAL intègre la société française Ecotone (première entreprise alimentaire labellisée BCORP® et Bioentreprisedurable®), ce qui permet de conforter sa démarche RSE et de continuer à progresser avec ses parties prenantes.","In July 2020, DANIVAL joins the French company Ecotone (the first food company to be certified BCORP® and Bioentreprisedurable®), which strengthens its CSR approach and allows it to continue progressing with its stakeholders.",FR,0.95,No,Yes,Yes,No,Yes,NOT_COMPANY_ATTRIBUTED,"The statement is about Ecotone, a separate company, not DANIVAL's own claim.",https://danival.fr/notre-histoire/,danival.json,No,No,No,No,Yes,Yes,GREEN,GREEN — Specific commitment with TYPE-MATCHING registry confirmed,"The claim names a specific, concrete action (DANIVAL's integration into Ecotone in July 2020) and references two named certifications (B Corp and Bioentreprisedurable). The registry evidence confirms BioED (Bioentreprisedurable) for this company, which is the TYPE-MATCHING certification for this claim. The specificity of the date, named company, and verified certification satisfies the GREEN criterion: concrete verifiable fact + matching registry confirmed.",Yes
Danival,About,biodiversity,"En Novembre 2020, Ecotone adopte le statut d'entreprise à mission dans ses statuts d'entreprise afin de renforcer ses engagements pour « nourrir la biodiversité ».","In November 2020, Ecotone adopts the status of a mission-driven company in its corporate statutes in order to strengthen its commitments to 'nourishing biodiversity'.",FR,0.9,No,Yes,Yes,No,Yes,NOT_COMPANY_ATTRIBUTED,"This describes Ecotone's mission, not a DANIVAL company claim.",https://danival.fr/notre-histoire/,danival.json,No,No,No,No,Yes,Yes,GREEN,"GREEN — concrete, verifiable fact (named action, specific date, named commitment) with company holding confirmed relevant certifications","The claim states a specific, dated action (November 2020, adoption of 'entreprise à mission' status) with a named commitment ('nourrir la biodiversité' / nurturing biodiversity). This is a concrete, verifiable company fact — a change to legal status — not a vague assertion. The company holds confirmed BIOPARTENAIRE and BioED certifications, both of which verify organic and biodiversity-related practices. The claim describes a structural commitment to biodiversity, which aligns with the scope of these confirmed registries.",No
Danival,About,general,"Soucieuse de progresser dans une démarche d'amélioration continue et d'agir pour la transition alimentaire et écologique, DANIVAL va plus loin et s'engage dans des actions symboli","Keen to progress in a continuous improvement approach and to act for the food and ecological transition, DANIVAL goes further and commits to symbolic actions [text truncated]",FR,0.8,No,Yes,Yes,Yes,No,INCOMPLETE_FRAGMENT,The extracted text is cut off mid-sentence and is not fully assessable.,https://danival.fr/notre-histoire/,danival.json,No,No,No,No,Yes,Yes,AMBER,"AMBER - specific commitment named but claim is incomplete/cut off; company holds confirmed certification (BIOPARTENAIRE, BioED) but neither matches the organic/biodynamic claims typically verified by those schemes","The claim names a specific commitment to 'continuous improvement' and 'ecological transition actions' with some detail (named company, named initiatives), placing it above the bare-tagline threshold and into AMBER territory. However, the claim appears truncated ('actions symboli[ques]'), making full assessment of specificity difficult. The confirmed registries (BIOPARTENAIRE, BioED) provide a credibility floor for organic/sustainable claims, supporting AMBER rather than RED, but neither registry type-matches typical 'ecological transition' commitments unless those are tied to organic production — a connection the incomplete text does not explicitly establish.",Yes
Danival,Sustainability,general,L'entreprise travaille donc à réduire l'impact de son activité,The company therefore works to reduce the impact of its activity,FR,0.8,Yes,Yes,Yes,Yes,Yes,,Faithful company statement about reducing the environmental impact of its activity.,https://danival.fr/nos-engagements/la-protection-de-lenvironnement-et-de-la-biodiversite/,danival.json,No,No,No,No,Yes,Yes,AMBER,AMBER - specific commitment named but no type-matching registry confirmed,"The claim names a concrete commitment ('working to reduce the impact of its activity') with behavioural substance, placing it above bare tagline status. However, neither BIOPARTENAIRE nor BioED certifications specifically verify environmental impact reduction claims of this general type — they certify organic/fair-trade status, not broad environmental management commitments. The claim therefore needs independent evidence (such as EMAS confirmation, which is not confirmed here) to substantiate the stated commitment.",No
Danival,Sustainability,waste,La réduction et le recyclage des déchets : une trentaine de déchets différents sont triés pour les recycler ou les revaloriser au maximum. Les déchets organiques sont par exemple adressés à une filière de méthanisation.,"Waste reduction and recycling: around thirty different types of waste are sorted to be recycled or recovered as much as possible. Organic waste, for example, is sent to a methanisation channel.",FR,0.95,Yes,Yes,Yes,Yes,Yes,,"Accurately reflects the page's waste reduction and recycling claim, including organic waste to methanization.",https://danival.fr/nos-engagements/la-protection-de-lenvironnement-et-de-la-biodiversite/,danival.json,No,No,No,No,Yes,Yes,AMBER,"AMBER – Specific concrete actions named (sorting ~30 waste types, organic waste to anaerobic digestion) but no TYPE-MATCHING registry confirmed for waste management/circular economy claims","The claim describes verifiable, detailed waste-reduction practices (named action, specific process, measurable outcome) that exceed bare tagline substance. However, the confirmed registries (BIOPARTENAIRE, BioED) are organic/certification-focused and do not specifically verify waste management or circular economy claims. EMAS, which would be the relevant environmental management standard, is not confirmed. The claim therefore meets the specificity threshold for AMBER (detailed behaviour named) but lacks the type-matching independent verification needed for GREEN.",No
Danival,Sustainability,water,La filtration des eaux usées : l'entreprise se dote d'une station d'épuration écologique qui utilise le procédé de filtration par rhizophère.,Wastewater filtration: the company is equipping itself with an ecological wastewater treatment plant that uses the rhizosphere filtration process.,FR,0.95,Yes,Yes,Yes,Yes,Yes,,Faithful claim about wastewater filtration and ecological treatment using rhizosphere filtration.,https://danival.fr/nos-engagements/la-protection-de-lenvironnement-et-de-la-biodiversite/,danival.json,No,No,No,No,Yes,Yes,AMBER,AMBER – Specific action named (ecological wastewater treatment station using rhizofiltration process) but no type-matching registry confirmed,"The claim describes a concrete, verifiable action (installation of an ecological treatment station with a named filtration method), which satisfies the specificity threshold. However, the confirmed registries (BIOPARTENAIRE, BioED) are organic/biodiversity certifications and do not verify wastewater treatment infrastructure or water management practices. The claim requires evidence of the treatment system itself, not organic status, so the confirmed certifications do not type-match this claim. Under STEP 2 AMBER criterion, specific claims without a type-matching confirmed registry receive AMBER.",Yes
Danival,Sustainability,general,"La réduction des consommations : eau, énergie (gaz et électricité), papier, etc.","Reduction of consumption: water, energy (gas and electricity), paper, etc.",FR,0.9,Yes,Yes,Yes,Yes,Yes,,"Company claim about reducing consumption of water, energy and paper.",https://danival.fr/nos-engagements/la-protection-de-lenvironnement-et-de-la-biodiversite/,danival.json,No,No,No,No,Yes,Yes,AMBER,AMBER - specific commitment named but no type-matching registry confirmed,"The claim names a concrete, verifiable action (reduction of water, energy, paper consumption) with specificity about what is being reduced. However, no confirmed registry matches this environmental performance claim: BIOPARTENAIRE and BioED are organic/fair-trade certifications that do not verify consumption reduction commitments, and the relevant environmental management registries (EMAS, EU Organic) are not confirmed. Per STEP 2 AMBER criterion, specific claims without type-matching registry confirmation require evidence.",No
Danival,Sustainability,carbon,"Le choix d'énergie renouvelable : installation de 1 100 m2 de panneaux photovoltaïques, recours exclusif à des énergies vertes (issue d'énergies renouvelables d'origine photovoltaïque, hydraulique ou éolienne).","The choice of renewable energy: installation of 1,100 m² of photovoltaic panels, exclusive use of green energy (from renewable energy of photovoltaic, hydraulic or wind origin).",FR,0.95,Yes,Yes,Yes,Yes,Yes,,Faithful energy-related environmental claim about photovoltaics and exclusive use of green energy.,https://danival.fr/nos-engagements/la-protection-de-lenvironnement-et-de-la-biodiversite/,danival.json,No,No,No,No,Yes,Yes,AMBER,"AMBER - specific detail named, but no type-matching registry confirmed for renewable energy/carbon claims","The claim names concrete, measurable actions (1,100 m² of solar panels, exclusive use of renewable energy from photovoltaic/hydro/wind sources) with specific detail that satisfies BOUNDARY rule 1. However, the confirmed registries (BIOPARTENAIRE, BioED) are organic/agriculture-focused and do not verify carbon or renewable energy claims; EMAS (the relevant registry for energy/emissions) is not confirmed. Per GREEN vs AMBER BOUNDARY rule 2, a specific claim without the type-matching registry confirmation is AMBER, not GREEN.",Yes
Danival,Sustainability,certification,"DANIVAL fait parties des entreprises bio de la société Ecotone, très engagée dans la RSE : première entreprise alimentaire française à avoir décroché sa labellisation BioED* en 2015, et sa labellisation B Corp* en 2019, et qui a choisi le statut d'entreprise à mission en 2020 en dressant un plan d'engagement pour la biodiversité qui va au-delà des standards de la bio.","DANIVAL is one of the organic companies of the Ecotone group, highly committed to CSR: the first French food company to have obtained its BioED certification in 2015, and its B Corp certification in 2019, and which chose the status of mission-driven company in 2020 by drawing up a biodiversity commitment plan that goes beyond organic standards.",FR,0.97,Yes,Yes,Yes,Yes,Yes,,"Accurately reproduces the page's references to BioED, B Corp and company mission on biodiversity.",https://danival.fr/nos-engagements/la-protection-de-lenvironnement-et-de-la-biodiversite/,danival.json,No,No,No,No,Yes,Yes,AMBER,"AMBER — Specific claim with TYPE-MATCHING registry confirmed, but additional certifications named are not confirmed","The claim names three specific certifications: BioED (confirmed in registry), B Corp (not confirmed), and entreprise à mission status (not a tracked registry). BioED confirmation supports the organic/bio credential, but B Corp is stated as confirmed in 2019 yet the registry shows B Corp as 'Not confirmed' — creating a factual discrepancy. The specific commitment to a biodiversity engagement plan is substantive and concrete, placing this above RED, but the unconfirmed B Corp reference and the gap between the claim's assertion and registry status require evidence verification.",Yes
Danival,Sustainability,biodiversity,S'interdire toutes les substances chimiques qui détruisent la vie dans les champs.,Banning all chemical substances that destroy life in the fields.,FR,0.9,Yes,Yes,Yes,Yes,Yes,,Faithful biodiversity-related commitment to ban substances that destroy life in fields.,https://danival.fr/nos-engagements/la-protection-de-lenvironnement-et-de-la-biodiversite/,danival.json,No,No,No,No,Yes,Yes,AMBER,"AMBER - specific commitment named, but no TYPE-MATCHING registry confirmed for this claim","The claim names a concrete action ('ban all chemical substances that destroy life in fields') — a specific commitment rather than a bare tagline — which satisfies the BOUNDARY rule 1 threshold for AMBER at minimum. Although the company holds confirmed BIOPARTENAIRE and BioED certifications, neither registry specifically verifies a blanket chemical-ban biodiversity claim; these certifications confirm organic/biological production but do not independently verify the scope or substance of this particular chemical-elimination commitment. The claim requires supporting evidence beyond the certified registries to substantiate the breadth of the assertion.",Yes
Danival,Sustainability,general,Promouvoir une alimentation végétale et soutenir le bien-être animal,Promoting plant-based food and supporting animal welfare,FR,0.85,Yes,Yes,Yes,Yes,Yes,,Company commitment promoting plant-based food and animal welfare; environmental relevance is present.,https://danival.fr/nos-engagements/la-protection-de-lenvironnement-et-de-la-biodiversite/,danival.json,No,No,No,No,Yes,Yes,AMBER,AMBER - Specific commitment named but no type-matching registry confirmed,"The claim names two concrete commitments: promoting plant-based food and supporting animal welfare. While the company holds confirmed certifications (BIOPARTENAIRE, BioED), these are organic/biological certifications that do not specifically verify claims about plant-based diet promotion or animal welfare commitments. The claim is substantive and specific enough to avoid RED, but without a type-matching registry (such as an animal welfare or vegan certification scheme) confirmed for this company, it cannot reach GREEN and must remain AMBER.",No
Danival,Sustainability,sourcing,"Développer des pratiques agricoles toujours plus exigeantes, au-delà des standards de la bio","Developing increasingly demanding agricultural practices, beyond organic standards",FR,0.88,Yes,Yes,Yes,Yes,Yes,,Faithful claim about developing more demanding agricultural practices beyond organic standards.,https://danival.fr/nos-engagements/la-protection-de-lenvironnement-et-de-la-biodiversite/,danival.json,No,No,No,No,Yes,Yes,AMBER,"AMBER - specific commitment named but registry-type mismatch: company holds confirmed organic certifications (BIOPARTENAIRE, BioED) but claim asserts going BEYOND organic standards, which is not verified by those registries","The claim names a concrete commitment ('develop increasingly demanding agricultural practices beyond organic standards') with specificity, which would normally support GREEN if the matching registry were confirmed. However, the company is confirmed only for organic certifications, not for a registry that specifically verifies claims about exceeding organic baselines. The organic registries confirm the company meets organic standards, but they do not verify the incremental claim of going beyond them. This is a type-matching gap: AMBER applies because the claim is specific but the confirmed registries do not cover this particular assertion.",Yes
Danival,Sustainability,general,S'opposer à la standardisation des assiettes en diversifiant les ingrédients de nos recettes,Opposing the standardisation of diets by diversifying the ingredients in our recipes,FR,0.8,Yes,Yes,Yes,Yes,Yes,,Faithful statement about diversifying recipe ingredients; environmental relevance is indirect but present in context of biodiversity/variety.,https://danival.fr/nos-engagements/la-protection-de-lenvironnement-et-de-la-biodiversite/,danival.json,No,No,No,No,Yes,Yes,AMBER,AMBER - specific action named but no TYPE-MATCHING registry confirmed,"The claim names a concrete, verifiable commitment: diversifying recipe ingredients to oppose standardization of dishes. This is a specific behavioural action, not a bare tagline, which satisfies BOUNDARY rule 1 (specific detail present). However, the confirmed registries (BIOPARTENAIRE, BioED) are organic/biodynamic certifications that do not specifically verify ingredient-diversity or anti-standardization claims. The claim describes a culinary/recipe practice choice rather than organic or fair-trade status, so the confirmed certifications do not TYPE-MATCH this claim. Per GREEN rule 1 and BOUNDARY rule 2, specific claims need a TYPE-MATCHING confirmed registry to reach GREEN; this claim has specificity but no matching verification, placing it at AMBER.",Yes
Danival,Sustainability,biodiversity,Restaurer et revitaliser les écosystèmes dégradés par l'être humain,Restoring and revitalising ecosystems degraded by humans,FR,0.92,Yes,Yes,Yes,Yes,Yes,,Accurately reflects a restoration claim about degraded ecosystems.,https://danival.fr/nos-engagements/la-protection-de-lenvironnement-et-de-la-biodiversite/,danival.json,No,No,No,No,Yes,Yes,AMBER,"AMBER - specific commitment named, but no type-matching registry confirmed","The claim names a concrete environmental action ('restore and revitalize degraded ecosystems'), which satisfies the specificity threshold and moves it above RED. However, the confirmed registries (BIOPARTENAIRE, BioED) are organic/fair-trade certifications that do not verify ecosystem restoration commitments. No registry tracking biodiversity or ecosystem restoration outcomes is confirmed for this company, so the claim cannot be upgraded to GREEN despite its specificity.",No
Danival,Sustainability,biodiversity,"Danival est implanté sur le site protégé de la rivière Gélise, identifié Natura 2000 pour la richesse de sa biodiversité. Sa préservation est depuis toujours une priorité pour l'entreprise qui s'est engagé dans la « Charte de bonnes pratiques » Natura 2000 visant à sensibiliser ses salariés et ses visiteurs.","Danival is located on the protected site of the Gélise river, identified as Natura 2000 for the richness of its biodiversity. Its preservation has always been a priority for the company, which has committed to the Natura 2000 'Good Practices Charter' aimed at raising awareness among its employees and visitors.",FR,0.95,Yes,Yes,Yes,Yes,Yes,,Faithful company-attributed biodiversity and Natura 2000 preservation claim.,https://danival.fr/nos-engagements/la-protection-de-lenvironnement-et-de-la-biodiversite/,danival.json,No,No,No,No,Yes,Yes,GREEN,"GREEN - concrete, verifiable facts with relevant registry confirmation","The claim names a specific, verifiable geographic location (Natura 2000 site on the Gélise river), a named public programme (Natura 2000 'Charte de bonnes pratiques'), and concrete actions already taken (employee and visitor awareness initiatives). The company holds confirmed BIOPARTENAIRE and BioED certifications, which are relevant to biodiversity and environmental stewardship claims. The claim asserts factual company history and commitment to a named, verifiable conservation programme, supported by independent certification in related environmental standards.",No
Danival,Sustainability,biodiversity,"Le site historique de DANIVAL totalise 3 habitats vulnérables, à préserver : les prairies ouvertes où cohabitent au printemps et en été des libellules, des papillons, divers insectes et une riche flore locale, la rivière et les végétaux à ses abords, appelés ripisylves, qui abritent de nombreuses espèces : chabots, écrevisses à pattes blanches, anguilles sauvages, loutres d'Europe, cistudes d'Europe… , le Moulin d'Andiran récemment restauré afin d'améliorer l'habitat d'une colonie de 50 chauves-souris (4 espèces) et faciliter leur comptage.","DANIVAL's historic site has 3 vulnerable habitats to be preserved: the open meadows where dragonflies, butterflies, various insects and rich local flora cohabit in spring and summer; the river and its surrounding vegetation, called riparian forests, which shelter many species: bullheads, white-clawed crayfish, wild eels, European otters, European pond turtles…; and the Moulin d'Andiran recently restored to improve the habitat of a colony of 50 bats (4 species) and facilitate their counting.",FR,0.97,Yes,Yes,Yes,Yes,Yes,,Faithful detailed biodiversity/habitat preservation claim about the historical site.,https://danival.fr/nos-engagements/la-protection-de-lenvironnement-et-de-la-biodiversite/,danival.json,No,No,No,No,Yes,Yes,GREEN,"GREEN — STEP 2: concrete, verifiable facts (named locations, specific biodiversity actions, measurable outcomes with dates and species detail)","The claim describes three specific vulnerable habitats on the DANIVAL site with named species, a recently restored mill with a quantified bat colony (50 individuals, 4 species), and concrete ecological features (riparian vegetation, open meadows). These are factual, verifiable statements about company property and completed/ongoing actions—not aspirational commitments. The specificity of location, species identification, and the documented restoration action meets the GREEN threshold for concrete, verifiable facts under STEP 2, regardless of registry confirmation for this biodiversity claim type.",No
Danival,Sustainability,sourcing,"Danival soutient ses producteurs au cœur des filières françaises en prônant une cuisine authentique, bio et sans chichis, accessible chez soi et à tous.","Danival supports its producers at the heart of French supply chains by promoting authentic, organic and unpretentious cooking, accessible at home and for everyone.",FR,0.82,Yes,Yes,Yes,Yes,Yes,,Company statement about supporting producers in French supply chains and offering organic cuisine.,https://danival.fr/nos-engagements/la-protection-de-lenvironnement-et-de-la-biodiversite/,danival.json,No,No,No,No,Yes,Yes,AMBER,"AMBER - specific commitment named ('supports producers in French supply chains', 'authentic, organic cuisine') but organic claim not confirmed by EU Organic registry (only BIOPARTENAIRE and BioED confirmed, which are processing/trading certifications, not organic production certifications); type-matching registry mismatch","The claim names a concrete commitment (supporting French producers, offering organic products) and references 'bio' (organic), which is a specific environmental/quality assertion. However, the registry evidence shows BIOPARTENAIRE and BioED are confirmed, but EU Organic (the type-matching registry for organic claims) is not confirmed. This creates a gap between the specificity of the claim and the availability of the relevant certification proof, placing it in AMBER rather than GREEN or RED.",Yes
Danival,Products,sourcing,"Danival soutient ses producteurs au cœur des filières françaises en prônant une cuisine authentique, bio et sans chichis, accessible chez soi et à tous.","Danival supports its producers at the heart of French supply chains by promoting authentic, organic and no-fuss cooking, accessible at home and for everyone.",FR,0.82,Yes,Yes,Yes,Yes,Yes,,"The statement appears verbatim in the page text, is a company claim, and includes environmentally relevant language ('bio') along with sourcing language.",https://danival.fr/nos-produits/,danival.json,No,No,No,No,Yes,Yes,AMBER,"AMBER — specific claim (named action: supporting French producers, authentic/organic cooking) with TYPE-MATCHING registry confirmed (BIOPARTENAIRE, BioED for organic/sourcing verification) but claim itself is vague on metrics/evidence","The claim names concrete behaviours (supporting French producers, promoting organic/authentic cuisine) and references organic status, which is verified by confirmed BIOPARTENAIRE/BioED certification. However, the claim lacks specific metrics, supplier names, or measurable commitments (e.g. percentage of producers supported, supply chain detail), so it remains AMBER rather than GREEN — the certification provides a credibility floor but does not independently verify the specific sourcing claims made here.",No
